-- phpMyAdmin SQL Dump
-- version 4.0.10deb1ubuntu0.1
-- http://www.phpmyadmin.net
--
-- โฮสต์: localhost
-- เวลาในการสร้าง: 04 ม.ค. 2024  11:04น.
-- เวอร์ชั่นของเซิร์ฟเวอร์: 10.0.38-MariaDB-1~trusty
-- รุ่นของ PHP: 5.5.9-1ubuntu4.29

SET SQL_MODE = "NO_AUTO_VALUE_ON_ZERO";
SET time_zone = "+00:00";


/*!40101 SET @OLD_CHARACTER_SET_CLIENT=@@CHARACTER_SET_CLIENT */;
/*!40101 SET @OLD_CHARACTER_SET_RESULTS=@@CHARACTER_SET_RESULTS */;
/*!40101 SET @OLD_COLLATION_CONNECTION=@@COLLATION_CONNECTION */;
/*!40101 SET NAMES utf8 */;

--
-- ฐานข้อมูล: `system_RajamangalaGame`
--

-- --------------------------------------------------------

--
-- โครงสร้างตาราง `admin`
--

CREATE TABLE IF NOT EXISTS `admin` (
  `admin_id` int(11) NOT NULL AUTO_INCREMENT,
  `admin_username` varchar(20) COLLATE utf8_unicode_ci NOT NULL,
  `admin_password` varchar(20) COLLATE utf8_unicode_ci NOT NULL,
  `admin_type_id` int(11) NOT NULL,
  `faculty_id` int(11) NOT NULL,
  `f_name` varchar(200) COLLATE utf8_unicode_ci NOT NULL,
  `s_name` varchar(200) COLLATE utf8_unicode_ci NOT NULL,
  PRIMARY KEY (`admin_id`)
) ENGINE=MyISAM  DEFAULT CHARSET=utf8 COLLATE=utf8_unicode_ci AUTO_INCREMENT=31 ;

--
-- dump ตาราง `admin`
--

INSERT INTO `admin` (`admin_id`, `admin_username`, `admin_password`, `admin_type_id`, `faculty_id`, `f_name`, `s_name`) VALUES
(1, 'admin', 'admin@37', 1, 9, 'admin', 'admin'),
(26, 'sayam.j', 'sayam.j@', 2, 0, 'สยาม', 'จันทาพูน');

-- --------------------------------------------------------

--
-- โครงสร้างตาราง `admin_permis`
--

CREATE TABLE IF NOT EXISTS `admin_permis` (
  `id` int(11) NOT NULL AUTO_INCREMENT,
  `admin_id` int(11) NOT NULL,
  `id_Sport_type` int(11) NOT NULL,
  `status` varchar(1) CHARACTER SET utf8 NOT NULL DEFAULT '1',
  PRIMARY KEY (`id`)
) ENGINE=InnoDB  DEFAULT CHARSET=utf8 COLLATE=utf8_bin AUTO_INCREMENT=70 ;

--
-- dump ตาราง `admin_permis`
--

INSERT INTO `admin_permis` (`id`, `admin_id`, `id_Sport_type`, `status`) VALUES
(1, 1, 1, '1'),
(2, 1, 2, '1'),
(3, 1, 3, '1'),
(4, 1, 4, '1'),
(5, 1, 5, '1'),
(6, 1, 6, '1'),
(7, 1, 7, '1'),
(8, 1, 8, '1'),
(9, 1, 9, '1'),
(10, 1, 10, '1'),
(11, 1, 11, '1'),
(12, 1, 14, '1'),
(13, 1, 15, '1'),
(14, 1, 16, '1'),
(15, 23, 1, '1'),
(16, 23, 2, '1'),
(17, 23, 3, '1'),
(18, 23, 4, '1'),
(19, 23, 5, '1'),
(20, 23, 6, '1'),
(21, 23, 7, '1'),
(22, 23, 8, '1'),
(23, 23, 9, '1'),
(24, 23, 10, '1'),
(25, 23, 11, '1'),
(26, 23, 14, '1'),
(27, 23, 15, '1'),
(28, 23, 16, '1'),
(29, 24, 1, '1'),
(30, 24, 2, '1'),
(31, 24, 3, '1'),
(32, 24, 4, '1'),
(33, 24, 5, '1'),
(34, 24, 6, '1'),
(35, 24, 7, '1'),
(36, 24, 8, '1'),
(37, 24, 9, '1'),
(38, 24, 10, '1'),
(39, 24, 11, '1'),
(40, 24, 14, '1'),
(41, 24, 15, '1'),
(42, 24, 16, '1'),
(45, 26, 3, '1'),
(46, 26, 6, '1'),
(51, 28, 8, '1'),
(52, 28, 9, '1'),
(53, 29, 4, '1'),
(54, 29, 10, '1'),
(55, 30, 14, '1'),
(56, 30, 15, '1'),
(57, 30, 16, '1'),
(58, 27, 2, '1'),
(59, 27, 11, '1'),
(66, 25, 1, '1'),
(67, 25, 7, '1'),
(68, 25, 8, '1'),
(69, 25, 9, '1');

-- --------------------------------------------------------

--
-- โครงสร้างตาราง `admin_type`
--

CREATE TABLE IF NOT EXISTS `admin_type` (
  `admin_type_id` int(11) NOT NULL,
  `admin_type_name` varchar(500) NOT NULL,
  PRIMARY KEY (`admin_type_id`)
) ENGINE=MyISAM DEFAULT CHARSET=utf8;

--
-- dump ตาราง `admin_type`
--

INSERT INTO `admin_type` (`admin_type_id`, `admin_type_name`) VALUES
(1, 'ผู้ดูแลระบบ'),
(2, 'ผู้จัดการการแข่งขัน'),
(3, 'ผู้จัดการข้อมูลข่าวสาร'),
(4, 'ผู้จัดการผลการแข่งขัน'),
(5, 'กรรมการควบคุมการแข่งขัน'),
(6, 'ผู้จัดการงานกีฬาระดับคณะ\r\n');

-- --------------------------------------------------------

--
-- โครงสร้างตาราง `line`
--

CREATE TABLE IF NOT EXISTS `line` (
  `line_id` int(11) NOT NULL AUTO_INCREMENT,
  `line_name` varchar(200) NOT NULL,
  PRIMARY KEY (`line_id`)
) ENGINE=MyISAM  DEFAULT CHARSET=utf8 AUTO_INCREMENT=113 ;

--
-- dump ตาราง `line`
--

INSERT INTO `line` (`line_id`, `line_name`) VALUES
(1, 'A'),
(2, 'B'),
(3, 'C'),
(4, 'D'),
(5, 'A/B'),
(6, 'C/D'),
(7, 'A/B/C/D'),
(103, 'สาย 2'),
(102, 'สาย 1 '),
(99, 'ไม่มี'),
(104, 'สาย 3'),
(105, 'สาย 4'),
(106, 'สาย 5'),
(107, 'สาย 6'),
(108, 'สาย 7'),
(109, 'สาย 8'),
(110, 'สาย 9'),
(111, 'สาย 10'),
(112, 'A/B/C');

-- --------------------------------------------------------

--
-- โครงสร้างตาราง `log_login_tb`
--

CREATE TABLE IF NOT EXISTS `log_login_tb` (
  `log_login_id` int(11) NOT NULL AUTO_INCREMENT,
  `username_user_admin` varchar(200) COLLATE utf8_bin NOT NULL,
  `log_pass_ip` varchar(200) COLLATE utf8_bin NOT NULL,
  `log_pass_date` varchar(200) COLLATE utf8_bin NOT NULL,
  `log_pass_time` varchar(200) COLLATE utf8_bin NOT NULL,
  PRIMARY KEY (`log_login_id`)
) ENGINE=InnoDB  DEFAULT CHARSET=utf8 COLLATE=utf8_bin AUTO_INCREMENT=3 ;

--
-- dump ตาราง `log_login_tb`
--

INSERT INTO `log_login_tb` (`log_login_id`, `username_user_admin`, `log_pass_ip`, `log_pass_date`, `log_pass_time`) VALUES
(1, 'admin', ' 172.16.163.25', '04-01-2024', '09:14:44'),
(2, 'admin', ' 172.16.163.25', '04-01-2024', '10:14:34');

-- --------------------------------------------------------

--
-- โครงสร้างตาราง `log_pass`
--

CREATE TABLE IF NOT EXISTS `log_pass` (
  `id_log` int(11) NOT NULL AUTO_INCREMENT,
  `id_approvers` int(11) NOT NULL,
  `id_student` int(11) NOT NULL,
  `date` date NOT NULL,
  `time` time NOT NULL,
  PRIMARY KEY (`id_log`)
) ENGINE=InnoDB DEFAULT CHARSET=utf8 COLLATE=utf8_bin AUTO_INCREMENT=1 ;

-- --------------------------------------------------------

--
-- โครงสร้างตาราง `log_pass_word_tb`
--

CREATE TABLE IF NOT EXISTS `log_pass_word_tb` (
  `id_log_pass` int(11) NOT NULL AUTO_INCREMENT,
  `username_user_admin` varchar(200) COLLATE utf8_bin NOT NULL,
  `email_User_admin` varchar(200) COLLATE utf8_bin NOT NULL,
  `log_pass_token` varchar(200) COLLATE utf8_bin NOT NULL,
  `log_pass_ip` varchar(200) COLLATE utf8_bin NOT NULL,
  `log_pass_date` varchar(200) COLLATE utf8_bin NOT NULL,
  `st` int(11) NOT NULL,
  PRIMARY KEY (`id_log_pass`)
) ENGINE=InnoDB DEFAULT CHARSET=utf8 COLLATE=utf8_bin AUTO_INCREMENT=1 ;

-- --------------------------------------------------------

--
-- โครงสร้างตาราง `manager`
--

CREATE TABLE IF NOT EXISTS `manager` (
  `manager_id` int(11) NOT NULL AUTO_INCREMENT,
  `manager_title` varchar(50) COLLATE utf8_bin NOT NULL,
  `manager_name` varchar(50) COLLATE utf8_bin NOT NULL,
  `manager_lastname` varchar(50) COLLATE utf8_bin NOT NULL,
  `manager_tel` varchar(10) COLLATE utf8_bin NOT NULL,
  `manager_email` varchar(50) COLLATE utf8_bin NOT NULL,
  `manager_position` varchar(50) COLLATE utf8_bin NOT NULL,
  `st_date` date NOT NULL,
  `st` int(11) NOT NULL,
  `manager_pic` varchar(100) COLLATE utf8_bin NOT NULL,
  `id_university` int(11) NOT NULL,
  PRIMARY KEY (`manager_id`)
) ENGINE=InnoDB DEFAULT CHARSET=utf8 COLLATE=utf8_bin AUTO_INCREMENT=1 ;

-- --------------------------------------------------------

--
-- โครงสร้างตาราง `medal`
--

CREATE TABLE IF NOT EXISTS `medal` (
  `medal_id` int(11) NOT NULL AUTO_INCREMENT,
  `faculty_id` int(11) NOT NULL,
  `faculty_1` int(11) NOT NULL,
  `faculty_2` int(11) NOT NULL,
  `faculty_3` int(11) NOT NULL,
  PRIMARY KEY (`medal_id`)
) ENGINE=MyISAM  DEFAULT CHARSET=utf8 AUTO_INCREMENT=11 ;

--
-- dump ตาราง `medal`
--

INSERT INTO `medal` (`medal_id`, `faculty_id`, `faculty_1`, `faculty_2`, `faculty_3`) VALUES
(1, 1, 6, 3, 12),
(2, 2, 5, 3, 8),
(3, 3, 37, 32, 14),
(4, 4, 4, 6, 8),
(5, 5, 16, 5, 10),
(6, 6, 2, 7, 11),
(7, 7, 8, 14, 13),
(8, 8, 0, 1, 4),
(9, 9, 7, 15, 27);

-- --------------------------------------------------------

--
-- โครงสร้างตาราง `medal_detail`
--

CREATE TABLE IF NOT EXISTS `medal_detail` (
  `id_medal_detail` int(11) NOT NULL AUTO_INCREMENT,
  `id_university` int(11) NOT NULL,
  `hand_ranks` int(11) NOT NULL,
  `id_Sports_category` int(11) NOT NULL,
  `sex` varchar(20) COLLATE utf8_bin NOT NULL,
  `ranks_medal` int(11) NOT NULL,
  `chackio` int(11) NOT NULL,
  PRIMARY KEY (`id_medal_detail`)
) ENGINE=InnoDB  DEFAULT CHARSET=utf8 COLLATE=utf8_bin AUTO_INCREMENT=314 ;

--
-- dump ตาราง `medal_detail`
--

INSERT INTO `medal_detail` (`id_medal_detail`, `id_university`, `hand_ranks`, `id_Sports_category`, `sex`, `ranks_medal`, `chackio`) VALUES
(3, 1, 0, 5, 'ชาย', 1, 1),
(4, 3, 0, 5, 'ชาย', 2, 1),
(5, 1, 0, 5, 'ชาย', 3, 1),
(6, 3, 0, 4, 'ชาย', 1, 1),
(7, 1, 0, 4, 'ชาย', 2, 1),
(8, 9, 0, 4, 'ชาย', 3, 1),
(9, 6, 0, 9, 'ชาย', 1, 1),
(10, 3, 0, 9, 'ชาย', 2, 1),
(11, 1, 0, 9, 'ชาย', 3, 1),
(15, 3, 0, 8, 'ชาย', 1, 1),
(16, 6, 0, 8, 'ชาย', 2, 1),
(17, 7, 0, 8, 'ชาย', 3, 1),
(18, 7, 0, 7, 'ชาย', 1, 1),
(19, 1, 0, 7, 'ชาย', 2, 1),
(20, 3, 0, 7, 'ชาย', 3, 1),
(21, 4, 1, 38, 'ชาย', 1, 1),
(22, 3, 1, 38, 'ชาย', 2, 1),
(23, 6, 1, 38, 'ชาย', 3, 1),
(24, 2, 1, 38, 'ชาย', 3, 1),
(25, 3, 1, 38, 'หญิง', 1, 1),
(26, 9, 1, 38, 'หญิง', 2, 1),
(27, 6, 1, 38, 'หญิง', 3, 1),
(28, 7, 1, 38, 'หญิง', 3, 1),
(29, 5, 1, 48, 'ชาย', 1, 1),
(30, 4, 1, 48, 'ชาย', 2, 1),
(31, 6, 1, 48, 'ชาย', 3, 1),
(32, 5, 2, 48, 'ชาย', 3, 1),
(33, 6, 2, 48, 'หญิง', 1, 1),
(34, 3, 2, 48, 'หญิง', 2, 1),
(35, 2, 2, 48, 'หญิง', 3, 1),
(36, 3, 1, 48, 'หญิง', 3, 1),
(37, 7, 1, 17, 'ชาย', 1, 0),
(38, 3, 1, 17, 'ชาย', 2, 0),
(39, 3, 2, 17, 'ชาย', 3, 0),
(40, 7, 1, 14, 'ชาย', 1, 1),
(41, 3, 1, 14, 'ชาย', 2, 1),
(42, 1, 1, 14, 'ชาย', 3, 1),
(43, 7, 1, 6, 'ชาย', 1, 1),
(44, 1, 1, 6, 'ชาย', 2, 1),
(45, 9, 1, 6, 'ชาย', 3, 1),
(46, 7, 1, 11, 'ชาย', 1, 1),
(47, 3, 1, 11, 'ชาย', 2, 1),
(48, 1, 1, 11, 'ชาย', 3, 1),
(49, 7, 1, 12, 'ชาย', 1, 1),
(50, 3, 1, 12, 'ชาย', 2, 1),
(51, 3, 2, 12, 'ชาย', 3, 1),
(52, 7, 1, 13, 'ชาย', 1, 1),
(53, 3, 1, 13, 'ชาย', 2, 1),
(54, 1, 1, 13, 'ชาย', 3, 1),
(55, 1, 1, 15, 'ชาย', 1, 1),
(56, 6, 1, 15, 'ชาย', 2, 1),
(57, 3, 1, 15, 'ชาย', 3, 1),
(62, 3, 1, 42, 'ชาย', 1, 1),
(63, 4, 1, 42, 'ชาย', 2, 1),
(64, 7, 1, 42, 'ชาย', 3, 1),
(65, 1, 1, 42, 'ชาย', 3, 1),
(74, 3, 1, 49, 'หญิง', 1, 1),
(75, 7, 1, 49, 'หญิง', 2, 1),
(76, 2, 1, 49, 'หญิง', 3, 1),
(77, 6, 1, 49, 'หญิง', 3, 1),
(78, 7, 2, 49, 'ชาย', 1, 1),
(79, 6, 1, 49, 'ชาย', 2, 1),
(80, 3, 2, 49, 'ชาย', 3, 1),
(81, 2, 1, 49, 'ชาย', 3, 1),
(86, 4, 1, 41, 'คู่ผสม', 1, 1),
(87, 3, 2, 41, 'คู่ผสม', 2, 1),
(88, 3, 1, 41, 'คู่ผสม', 3, 1),
(89, 6, 2, 41, 'คู่ผสม', 3, 1),
(90, 3, 1, 25, 'ชาย', 1, 1),
(91, 7, 1, 25, 'ชาย', 2, 1),
(92, 9, 1, 25, 'ชาย', 3, 1),
(93, 5, 1, 31, 'หญิง', 1, 1),
(94, 3, 1, 31, 'หญิง', 2, 1),
(95, 3, 1, 31, 'หญิง', 3, 1),
(96, 9, 1, 34, 'ชาย', 1, 1),
(97, 9, 1, 34, 'ชาย', 2, 1),
(98, 5, 1, 34, 'ชาย', 3, 1),
(99, 3, 1, 35, 'หญิง', 1, 1),
(100, 3, 1, 35, 'หญิง', 2, 1),
(101, 6, 1, 35, 'หญิง', 3, 1),
(102, 3, 1, 31, 'ชาย', 1, 1),
(103, 3, 1, 31, 'ชาย', 2, 1),
(104, 7, 1, 31, 'ชาย', 3, 1),
(105, 3, 1, 29, 'หญิง', 1, 1),
(106, 5, 1, 29, 'หญิง', 2, 1),
(107, 9, 1, 29, 'หญิง', 3, 1),
(108, 3, 1, 29, 'ชาย', 1, 1),
(109, 7, 1, 29, 'ชาย', 2, 1),
(110, 9, 1, 29, 'ชาย', 3, 1),
(111, 3, 1, 20, 'หญิง', 1, 1),
(112, 3, 1, 20, 'หญิง', 2, 1),
(113, 9, 1, 20, 'หญิง', 3, 1),
(114, 9, 1, 34, 'หญิง', 1, 1),
(115, 7, 1, 34, 'หญิง', 2, 1),
(116, 5, 1, 34, 'หญิง', 3, 1),
(117, 3, 1, 35, 'ชาย', 1, 1),
(118, 9, 1, 35, 'ชาย', 2, 1),
(119, 9, 1, 35, 'ชาย', 3, 1),
(120, 3, 1, 20, 'ชาย', 1, 1),
(121, 3, 1, 20, 'ชาย', 2, 1),
(122, 7, 1, 20, 'ชาย', 3, 1),
(123, 3, 1, 22, 'หญิง', 1, 1),
(124, 3, 1, 22, 'หญิง', 2, 1),
(125, 5, 1, 22, 'หญิง', 3, 1),
(126, 3, 1, 22, 'ชาย', 1, 1),
(127, 3, 1, 22, 'ชาย', 2, 1),
(128, 9, 1, 22, 'ชาย', 3, 1),
(129, 5, 1, 27, 'หญิง', 1, 1),
(130, 9, 1, 27, 'หญิง', 2, 1),
(131, 7, 1, 27, 'หญิง', 3, 1),
(132, 3, 1, 27, 'ชาย', 1, 1),
(133, 7, 1, 27, 'ชาย', 2, 1),
(134, 9, 1, 27, 'ชาย', 3, 1),
(135, 5, 2, 47, 'คู่ผสม', 1, 1),
(136, 9, 1, 47, 'คู่ผสม', 2, 1),
(137, 7, 1, 47, 'คู่ผสม', 3, 1),
(138, 7, 2, 47, 'คู่ผสม', 3, 1),
(139, 9, 1, 59, 'ชาย', 1, 1),
(140, 3, 1, 59, 'ชาย', 2, 1),
(141, 7, 1, 59, 'ชาย', 3, 1),
(142, 9, 1, 59, 'หญิง', 1, 1),
(143, 6, 1, 59, 'หญิง', 2, 1),
(144, 5, 1, 59, 'หญิง', 3, 1),
(145, 2, 1, 65, 'ชาย', 1, 1),
(146, 4, 1, 65, 'ชาย', 2, 1),
(147, 6, 1, 65, 'ชาย', 3, 1),
(148, 5, 1, 65, 'หญิง', 1, 1),
(149, 2, 1, 65, 'หญิง', 2, 1),
(150, 5, 2, 65, 'หญิง', 2, 1),
(151, 3, 1, 24, 'ชาย', 1, 1),
(152, 3, 1, 24, 'ชาย', 2, 1),
(153, 9, 1, 24, 'ชาย', 3, 1),
(154, 5, 1, 32, 'หญิง', 1, 1),
(155, 3, 1, 32, 'หญิง', 2, 1),
(156, 5, 1, 32, 'หญิง', 3, 1),
(157, 5, 1, 33, 'ชาย', 1, 1),
(158, 7, 1, 33, 'ชาย', 2, 1),
(159, 9, 1, 33, 'ชาย', 3, 1),
(160, 3, 1, 30, 'คู่ผสม', 1, 1),
(161, 5, 1, 30, 'คู่ผสม', 2, 1),
(162, 9, 1, 30, 'คู่ผสม', 3, 1),
(163, 3, 1, 32, 'ชาย', 1, 1),
(164, 3, 1, 32, 'ชาย', 2, 1),
(165, 9, 1, 32, 'ชาย', 3, 1),
(166, 5, 1, 33, 'หญิง', 1, 1),
(167, 7, 1, 33, 'หญิง', 2, 1),
(168, 9, 1, 33, 'หญิง', 3, 1),
(169, 3, 1, 21, 'หญิง', 1, 1),
(170, 3, 1, 21, 'หญิง', 2, 1),
(171, 9, 1, 21, 'หญิง', 3, 1),
(172, 3, 1, 21, 'ชาย', 1, 1),
(173, 7, 1, 21, 'ชาย', 2, 1),
(174, 3, 1, 21, 'ชาย', 3, 1),
(175, 3, 1, 23, 'หญิง', 1, 1),
(176, 3, 1, 23, 'หญิง', 2, 1),
(177, 5, 1, 23, 'หญิง', 3, 1),
(178, 3, 1, 23, 'ชาย', 1, 1),
(179, 3, 1, 23, 'ชาย', 2, 1),
(180, 9, 1, 23, 'ชาย', 3, 1),
(181, 3, 1, 28, 'หญิง', 1, 1),
(182, 5, 1, 28, 'หญิง', 2, 1),
(183, 9, 1, 28, 'หญิง', 3, 1),
(184, 3, 1, 28, 'ชาย', 1, 1),
(185, 7, 1, 28, 'ชาย', 2, 1),
(186, 9, 1, 28, 'ชาย', 3, 1),
(187, 9, 1, 62, 'ชาย', 1, 1),
(188, 7, 1, 62, 'ชาย', 2, 1),
(189, 2, 1, 62, 'ชาย', 3, 1),
(190, 5, 1, 66, 'หญิง', 1, 1),
(191, 2, 1, 66, 'หญิง', 2, 1),
(192, 7, 1, 66, 'หญิง', 3, 1),
(193, 9, 1, 60, 'หญิง', 1, 1),
(194, 3, 1, 60, 'หญิง', 2, 1),
(195, 6, 1, 60, 'หญิง', 3, 1),
(196, 2, 1, 66, 'ชาย', 1, 1),
(197, 4, 1, 66, 'ชาย', 2, 1),
(198, 7, 1, 66, 'ชาย', 3, 1),
(199, 3, 2, 40, 'หญิง', 1, 1),
(200, 3, 1, 40, 'หญิง', 2, 1),
(201, 4, 1, 40, 'หญิง', 3, 1),
(202, 1, 1, 40, 'หญิง', 3, 1),
(207, 3, 2, 39, 'ชาย', 1, 1),
(208, 4, 2, 39, 'ชาย', 2, 1),
(209, 3, 1, 39, 'ชาย', 3, 1),
(210, 4, 1, 39, 'ชาย', 3, 1),
(211, 3, 2, 39, 'หญิง', 1, 1),
(212, 3, 1, 39, 'หญิง', 2, 1),
(213, 4, 2, 39, 'หญิง', 3, 1),
(214, 1, 2, 39, 'หญิง', 3, 1),
(215, 3, 1, 46, 'หญิง', 1, 1),
(216, 2, 1, 46, 'หญิง', 2, 1),
(217, 1, 1, 46, 'หญิง', 3, 1),
(218, 9, 1, 46, 'หญิง', 3, 1),
(219, 7, 1, 46, 'ชาย', 1, 1),
(220, 4, 1, 46, 'ชาย', 2, 1),
(221, 5, 1, 46, 'ชาย', 3, 1),
(222, 3, 1, 46, 'ชาย', 3, 1),
(223, 2, 1, 36, 'ชาย', 1, 1),
(224, 7, 1, 36, 'ชาย', 2, 1),
(225, 9, 1, 36, 'ชาย', 3, 1),
(226, 4, 2, 40, 'ชาย', 1, 1),
(227, 3, 1, 40, 'ชาย', 2, 1),
(228, 1, 1, 40, 'ชาย', 3, 1),
(229, 4, 1, 40, 'ชาย', 3, 1),
(230, 3, 1, 36, 'หญิง', 1, 1),
(231, 7, 1, 36, 'หญิง', 2, 1),
(232, 9, 1, 36, 'หญิง', 3, 1),
(233, 9, 1, 37, 'หญิง', 1, 1),
(234, 7, 1, 37, 'หญิง', 2, 1),
(235, 8, 1, 37, 'หญิง', 3, 1),
(236, 4, 1, 37, 'ชาย', 1, 1),
(237, 3, 1, 37, 'ชาย', 2, 1),
(238, 5, 1, 37, 'ชาย', 3, 1),
(243, 1, 2, 45, 'คู่ผสม', 1, 1),
(244, 3, 1, 45, 'คู่ผสม', 2, 1),
(245, 9, 1, 45, 'คู่ผสม', 3, 1),
(246, 4, 2, 45, 'คู่ผสม', 3, 1),
(247, 3, 1, 44, 'ชาย', 1, 1),
(248, 9, 2, 44, 'ชาย', 2, 1),
(249, 9, 1, 44, 'ชาย', 3, 1),
(250, 6, 2, 44, 'ชาย', 3, 1),
(251, 1, 2, 44, 'หญิง', 1, 1),
(252, 6, 1, 44, 'หญิง', 2, 1),
(253, 8, 1, 44, 'หญิง', 3, 1),
(254, 3, 1, 44, 'หญิง', 3, 1),
(255, 3, 1, 43, 'ชาย', 1, 1),
(256, 5, 2, 43, 'ชาย', 2, 1),
(257, 9, 1, 43, 'ชาย', 3, 1),
(258, 3, 2, 43, 'ชาย', 3, 1),
(259, 1, 2, 43, 'หญิง', 1, 1),
(260, 3, 1, 43, 'หญิง', 2, 1),
(261, 2, 2, 43, 'หญิง', 3, 1),
(262, 8, 1, 43, 'หญิง', 3, 1),
(263, 2, 1, 50, 'หญิง', 1, 1),
(264, 3, 1, 50, 'หญิง', 2, 1),
(265, 9, 1, 50, 'หญิง', 3, 1),
(266, 5, 1, 50, 'หญิง', 3, 1),
(267, 5, 1, 50, 'ชาย', 1, 1),
(268, 6, 1, 50, 'ชาย', 2, 1),
(269, 9, 1, 50, 'ชาย', 3, 1),
(270, 8, 1, 50, 'ชาย', 3, 1),
(271, 2, 1, 67, 'คู่ผสม', 1, 1),
(272, 9, 1, 67, 'คู่ผสม', 2, 1),
(273, 7, 1, 67, 'คู่ผสม', 3, 1),
(274, 3, 1, 61, 'คู่ผสม', 1, 1),
(275, 9, 1, 61, 'คู่ผสม', 2, 1),
(276, 7, 1, 61, 'คู่ผสม', 3, 1),
(277, 3, 1, 2, 'หญิง', 1, 1),
(278, 9, 1, 2, 'หญิง', 2, 1),
(279, 6, 1, 2, 'หญิง', 3, 1),
(280, 3, 1, 2, 'ชาย', 1, 1),
(281, 9, 1, 2, 'ชาย', 2, 1),
(282, 4, 1, 2, 'ชาย', 3, 1),
(283, 3, 1, 3, 'ชาย', 1, 1),
(284, 9, 1, 3, 'ชาย', 2, 1),
(285, 1, 1, 3, 'ชาย', 3, 1),
(286, 3, 1, 3, 'หญิง', 1, 1),
(287, 9, 1, 3, 'หญิง', 2, 1),
(288, 1, 1, 3, 'หญิง', 3, 1),
(289, 5, 1, 52, 'ชาย', 1, 1),
(290, 6, 1, 52, 'ชาย', 2, 1),
(291, 9, 1, 52, 'ชาย', 3, 1),
(292, 5, 1, 51, 'ชาย', 1, 1),
(293, 9, 1, 51, 'ชาย', 2, 1),
(294, 6, 1, 51, 'ชาย', 3, 1),
(295, 5, 1, 53, 'ชาย', 1, 1),
(296, 9, 1, 53, 'ชาย', 2, 1),
(297, 3, 1, 53, 'ชาย', 3, 1),
(298, 5, 1, 52, 'หญิง', 1, 1),
(299, 9, 1, 52, 'หญิง', 2, 1),
(300, 2, 1, 52, 'หญิง', 3, 1),
(304, 5, 1, 1, 'ชาย', 1, 1),
(305, 7, 1, 1, 'ชาย', 2, 1),
(306, 4, 1, 1, 'ชาย', 3, 1),
(307, 1, 1, 42, 'หญิง', 1, 1),
(308, 3, 1, 42, 'หญิง', 2, 1),
(309, 2, 1, 42, 'หญิง', 3, 1),
(310, 4, 1, 42, 'หญิง', 3, 1),
(311, 5, 1, 53, 'หญิง', 1, 1),
(312, 8, 1, 53, 'หญิง', 2, 1),
(313, 3, 1, 53, 'หญิง', 3, 1);

-- --------------------------------------------------------

--
-- โครงสร้างตาราง `message_tb`
--

CREATE TABLE IF NOT EXISTS `message_tb` (
  `message_id` int(11) NOT NULL AUTO_INCREMENT,
  `message_url` varchar(500) COLLATE utf8_bin NOT NULL,
  `message_detail` text COLLATE utf8_bin NOT NULL,
  `id_user_admin` int(11) NOT NULL,
  `date` date NOT NULL,
  `st` int(11) NOT NULL,
  PRIMARY KEY (`message_id`)
) ENGINE=InnoDB  DEFAULT CHARSET=utf8 COLLATE=utf8_bin AUTO_INCREMENT=235 ;

--
-- dump ตาราง `message_tb`
--

INSERT INTO `message_tb` (`message_id`, `message_url`, `message_detail`, `id_user_admin`, `date`, `st`) VALUES
(1, 'home.php?menu=view&id=2', 'นักกีฬาของท่านไม่ผ่านการตรวจสอบ <br /> กรุณาแก้ไขข้อมูลให้ถูกต้อง', 4, '2021-09-17', 1),
(2, 'home.php?menu=view&id=2', 'นักกีฬาของท่านไม่ผ่านการตรวจสอบ <br /> กรุณาแก้ไขข้อมูลให้ถูกต้อง', 1, '2021-09-17', 1),
(3, 'home.php?menu=view&id=355', 'นักกีฬาของท่านไม่ผ่านการตรวจสอบ <br /> กรุณาแก้ไขข้อมูลให้ถูกต้อง', 7, '2023-01-25', 1),
(4, 'home.php?menu=view&id=367', 'นักกีฬาของท่านไม่ผ่านการตรวจสอบ <br /> กรุณาแก้ไขข้อมูลให้ถูกต้อง', 7, '2023-01-25', 1),
(5, 'home.php?menu=view&id=374', 'นักกีฬาของท่านไม่ผ่านการตรวจสอบ <br /> กรุณาแก้ไขข้อมูลให้ถูกต้อง', 7, '2023-01-25', 1),
(6, 'home.php?menu=view&id=590', 'นักกีฬาของท่านไม่ผ่านการตรวจสอบ <br /> กรุณาแก้ไขข้อมูลให้ถูกต้อง', 7, '2023-01-25', 1),
(7, 'home.php?menu=view&id=536', 'นักกีฬาของท่านไม่ผ่านการตรวจสอบ <br /> กรุณาแก้ไขข้อมูลให้ถูกต้อง', 7, '2023-01-25', 1),
(8, 'home.php?menu=view&id=671', 'นักกีฬาของท่านไม่ผ่านการตรวจสอบ <br /> กรุณาแก้ไขข้อมูลให้ถูกต้อง', 7, '2023-01-25', 1),
(9, 'home.php?menu=view&id=673', 'นักกีฬาของท่านไม่ผ่านการตรวจสอบ <br /> กรุณาแก้ไขข้อมูลให้ถูกต้อง', 7, '2023-01-25', 1),
(10, 'home.php?menu=view&id=675', 'นักกีฬาของท่านไม่ผ่านการตรวจสอบ <br /> กรุณาแก้ไขข้อมูลให้ถูกต้อง', 7, '2023-01-25', 1),
(11, 'home.php?menu=view&id=678', 'นักกีฬาของท่านไม่ผ่านการตรวจสอบ <br /> กรุณาแก้ไขข้อมูลให้ถูกต้อง', 7, '2023-01-25', 1),
(12, 'home.php?menu=view&id=901', 'นักกีฬาของท่านไม่ผ่านการตรวจสอบ <br /> กรุณาแก้ไขข้อมูลให้ถูกต้อง', 7, '2023-01-25', 1),
(13, 'home.php?menu=view&id=924', 'นักกีฬาของท่านไม่ผ่านการตรวจสอบ <br /> กรุณาแก้ไขข้อมูลให้ถูกต้อง', 7, '2023-01-25', 1),
(14, 'home.php?menu=view&id=919', 'นักกีฬาของท่านไม่ผ่านการตรวจสอบ <br /> กรุณาแก้ไขข้อมูลให้ถูกต้อง', 7, '2023-01-25', 1),
(15, 'home.php?menu=view&id=7', 'นักกีฬาของท่านไม่ผ่านการตรวจสอบ <br /> กรุณาแก้ไขข้อมูลให้ถูกต้อง', 6, '2023-01-25', 1),
(16, 'home.php?menu=view&id=968', 'นักกีฬาของท่านไม่ผ่านการตรวจสอบ <br /> กรุณาแก้ไขข้อมูลให้ถูกต้อง', 7, '2023-01-25', 1),
(17, 'home.php?menu=view&id=4', 'นักกีฬาของท่านไม่ผ่านการตรวจสอบ <br /> กรุณาแก้ไขข้อมูลให้ถูกต้อง', 12, '2023-01-25', 1),
(18, 'home.php?menu=view&id=969', 'นักกีฬาของท่านไม่ผ่านการตรวจสอบ <br /> กรุณาแก้ไขข้อมูลให้ถูกต้อง', 7, '2023-01-25', 1),
(19, 'home.php?menu=view&id=983', 'นักกีฬาของท่านไม่ผ่านการตรวจสอบ <br /> กรุณาแก้ไขข้อมูลให้ถูกต้อง', 7, '2023-01-25', 1),
(20, 'home.php?menu=view&id=141', 'นักกีฬาของท่านไม่ผ่านการตรวจสอบ <br /> กรุณาแก้ไขข้อมูลให้ถูกต้อง', 13, '2023-01-25', 1),
(21, 'home.php?menu=view&id=145', 'นักกีฬาของท่านไม่ผ่านการตรวจสอบ <br /> กรุณาแก้ไขข้อมูลให้ถูกต้อง', 13, '2023-01-25', 1),
(22, 'home.php?menu=view&id=153', 'นักกีฬาของท่านไม่ผ่านการตรวจสอบ <br /> กรุณาแก้ไขข้อมูลให้ถูกต้อง', 13, '2023-01-25', 1),
(23, 'home.php?menu=view&id=157', 'นักกีฬาของท่านไม่ผ่านการตรวจสอบ <br /> กรุณาแก้ไขข้อมูลให้ถูกต้อง', 13, '2023-01-25', 1),
(24, 'home.php?menu=view&id=158', 'นักกีฬาของท่านไม่ผ่านการตรวจสอบ <br /> กรุณาแก้ไขข้อมูลให้ถูกต้อง', 13, '2023-01-25', 1),
(25, 'home.php?menu=view&id=167', 'นักกีฬาของท่านไม่ผ่านการตรวจสอบ <br /> กรุณาแก้ไขข้อมูลให้ถูกต้อง', 13, '2023-01-25', 1),
(26, 'home.php?menu=view&id=186', 'นักกีฬาของท่านไม่ผ่านการตรวจสอบ <br /> กรุณาแก้ไขข้อมูลให้ถูกต้อง', 13, '2023-01-25', 1),
(27, 'home.php?menu=view&id=188', 'นักกีฬาของท่านไม่ผ่านการตรวจสอบ <br /> กรุณาแก้ไขข้อมูลให้ถูกต้อง', 13, '2023-01-25', 1),
(28, 'home.php?menu=view&id=1010', 'นักกีฬาของท่านไม่ผ่านการตรวจสอบ <br /> กรุณาแก้ไขข้อมูลให้ถูกต้อง', 7, '2023-01-25', 1),
(29, 'home.php?menu=view&id=936', 'นักกีฬาของท่านไม่ผ่านการตรวจสอบ <br /> กรุณาแก้ไขข้อมูลให้ถูกต้อง', 7, '2023-01-25', 1),
(30, 'home.php?menu=view&id=9', 'นักกีฬาของท่านไม่ผ่านการตรวจสอบ <br /> กรุณาแก้ไขข้อมูลให้ถูกต้อง', 6, '2023-01-25', 1),
(31, 'home.php?menu=view&id=10', 'นักกีฬาของท่านไม่ผ่านการตรวจสอบ <br /> กรุณาแก้ไขข้อมูลให้ถูกต้อง', 6, '2023-01-25', 1),
(32, 'home.php?menu=view&id=957', 'นักกีฬาของท่านไม่ผ่านการตรวจสอบ <br /> กรุณาแก้ไขข้อมูลให้ถูกต้อง', 7, '2023-01-25', 0),
(33, 'home.php?menu=view&id=973', 'นักกีฬาของท่านไม่ผ่านการตรวจสอบ <br /> กรุณาแก้ไขข้อมูลให้ถูกต้อง', 7, '2023-01-25', 1),
(34, 'home.php?menu=view&id=973', 'นักกีฬาของท่านไม่ผ่านการตรวจสอบ <br /> กรุณาแก้ไขข้อมูลให้ถูกต้อง', 7, '2023-01-25', 0),
(35, 'home.php?menu=view&id=973', 'นักกีฬาของท่านไม่ผ่านการตรวจสอบ <br /> กรุณาแก้ไขข้อมูลให้ถูกต้อง', 7, '2023-01-25', 0),
(36, 'home.php?menu=view&id=1008', 'นักกีฬาของท่านไม่ผ่านการตรวจสอบ <br /> กรุณาแก้ไขข้อมูลให้ถูกต้อง', 7, '2023-01-25', 0),
(37, 'home.php?menu=view&id=1008', 'นักกีฬาของท่านไม่ผ่านการตรวจสอบ <br /> กรุณาแก้ไขข้อมูลให้ถูกต้อง', 7, '2023-01-25', 0),
(38, 'home.php?menu=view&id=1014', 'นักกีฬาของท่านไม่ผ่านการตรวจสอบ <br /> กรุณาแก้ไขข้อมูลให้ถูกต้อง', 7, '2023-01-25', 1),
(39, 'home.php?menu=view&id=225', 'นักกีฬาของท่านไม่ผ่านการตรวจสอบ <br /> กรุณาแก้ไขข้อมูลให้ถูกต้อง', 13, '2023-01-25', 1),
(40, 'home.php?menu=view&id=429', 'นักกีฬาของท่านไม่ผ่านการตรวจสอบ <br /> กรุณาแก้ไขข้อมูลให้ถูกต้อง', 13, '2023-01-26', 1),
(41, 'home.php?menu=view&id=18', 'นักกีฬาของท่านไม่ผ่านการตรวจสอบ <br /> กรุณาแก้ไขข้อมูลให้ถูกต้อง', 6, '2023-01-26', 1),
(42, 'home.php?menu=view&id=21', 'นักกีฬาของท่านไม่ผ่านการตรวจสอบ <br /> กรุณาแก้ไขข้อมูลให้ถูกต้อง', 6, '2023-01-26', 1),
(43, 'home.php?menu=view&id=19', 'นักกีฬาของท่านไม่ผ่านการตรวจสอบ <br /> กรุณาแก้ไขข้อมูลให้ถูกต้อง', 6, '2023-01-26', 1),
(44, 'home.php?menu=view&id=1167', 'นักกีฬาของท่านไม่ผ่านการตรวจสอบ <br /> กรุณาแก้ไขข้อมูลให้ถูกต้อง', 7, '2023-01-26', 0),
(45, 'home.php?menu=view&id=1155', 'นักกีฬาของท่านไม่ผ่านการตรวจสอบ <br /> กรุณาแก้ไขข้อมูลให้ถูกต้อง', 7, '2023-01-26', 0),
(46, 'home.php?menu=view&id=22', 'นักกีฬาของท่านไม่ผ่านการตรวจสอบ <br /> กรุณาแก้ไขข้อมูลให้ถูกต้อง', 6, '2023-01-26', 1),
(47, 'home.php?menu=view&id=510', 'นักกีฬาของท่านไม่ผ่านการตรวจสอบ <br /> กรุณาแก้ไขข้อมูลให้ถูกต้อง', 13, '2023-01-26', 1),
(48, 'home.php?menu=view&id=1111', 'นักกีฬาของท่านไม่ผ่านการตรวจสอบ <br /> กรุณาแก้ไขข้อมูลให้ถูกต้อง', 7, '2023-01-26', 0),
(49, 'home.php?menu=view&id=1203', 'นักกีฬาของท่านไม่ผ่านการตรวจสอบ <br /> กรุณาแก้ไขข้อมูลให้ถูกต้อง', 7, '2023-01-26', 0),
(50, 'home.php?menu=view&id=1202', 'นักกีฬาของท่านไม่ผ่านการตรวจสอบ <br /> กรุณาแก้ไขข้อมูลให้ถูกต้อง', 7, '2023-01-26', 0),
(51, 'home.php?menu=view&id=1115', 'นักกีฬาของท่านไม่ผ่านการตรวจสอบ <br /> กรุณาแก้ไขข้อมูลให้ถูกต้อง', 7, '2023-01-26', 0),
(52, 'home.php?menu=view&id=1106', 'นักกีฬาของท่านไม่ผ่านการตรวจสอบ <br /> กรุณาแก้ไขข้อมูลให้ถูกต้อง', 7, '2023-01-26', 0),
(53, 'home.php?menu=view&id=1158', 'นักกีฬาของท่านไม่ผ่านการตรวจสอบ <br /> กรุณาแก้ไขข้อมูลให้ถูกต้อง', 7, '2023-01-26', 0),
(54, 'home.php?menu=view&id=1109', 'นักกีฬาของท่านไม่ผ่านการตรวจสอบ <br /> กรุณาแก้ไขข้อมูลให้ถูกต้อง', 7, '2023-01-26', 0),
(55, 'home.php?menu=view&id=1160', 'นักกีฬาของท่านไม่ผ่านการตรวจสอบ <br /> กรุณาแก้ไขข้อมูลให้ถูกต้อง', 7, '2023-01-26', 0),
(56, 'home.php?menu=view&id=1112', 'นักกีฬาของท่านไม่ผ่านการตรวจสอบ <br /> กรุณาแก้ไขข้อมูลให้ถูกต้อง', 7, '2023-01-26', 0),
(57, 'home.php?menu=view&id=1113', 'นักกีฬาของท่านไม่ผ่านการตรวจสอบ <br /> กรุณาแก้ไขข้อมูลให้ถูกต้อง', 7, '2023-01-26', 0),
(58, 'home.php?menu=view&id=16', 'นักกีฬาของท่านไม่ผ่านการตรวจสอบ <br /> กรุณาแก้ไขข้อมูลให้ถูกต้อง', 6, '2023-01-26', 1),
(59, 'home.php?menu=view&id=1165', 'นักกีฬาของท่านไม่ผ่านการตรวจสอบ <br /> กรุณาแก้ไขข้อมูลให้ถูกต้อง', 7, '2023-01-26', 0),
(60, 'home.php?menu=view&id=1157', 'นักกีฬาของท่านไม่ผ่านการตรวจสอบ <br /> กรุณาแก้ไขข้อมูลให้ถูกต้อง', 7, '2023-01-26', 0),
(61, 'home.php?menu=view&id=1163', 'นักกีฬาของท่านไม่ผ่านการตรวจสอบ <br /> กรุณาแก้ไขข้อมูลให้ถูกต้อง', 7, '2023-01-26', 0),
(62, 'home.php?menu=view&id=1020', 'นักกีฬาของท่านไม่ผ่านการตรวจสอบ <br /> กรุณาแก้ไขข้อมูลให้ถูกต้อง', 7, '2023-01-26', 0),
(63, 'home.php?menu=view&id=1066', 'นักกีฬาของท่านไม่ผ่านการตรวจสอบ <br /> กรุณาแก้ไขข้อมูลให้ถูกต้อง', 7, '2023-01-26', 0),
(64, 'home.php?menu=view&id=109', 'นักกีฬาของท่านไม่ผ่านการตรวจสอบ <br /> กรุณาแก้ไขข้อมูลให้ถูกต้อง', 10, '2023-01-26', 0),
(65, 'home.php?menu=view&id=109', 'นักกีฬาของท่านไม่ผ่านการตรวจสอบ <br /> กรุณาแก้ไขข้อมูลให้ถูกต้อง', 10, '2023-01-26', 0),
(66, 'home.php?menu=view&id=114', 'นักกีฬาของท่านไม่ผ่านการตรวจสอบ <br /> กรุณาแก้ไขข้อมูลให้ถูกต้อง', 10, '2023-01-26', 0),
(67, 'home.php?menu=view&id=111', 'นักกีฬาของท่านไม่ผ่านการตรวจสอบ <br /> กรุณาแก้ไขข้อมูลให้ถูกต้อง', 10, '2023-01-26', 0),
(68, 'home.php?menu=view&id=240', 'นักกีฬาของท่านไม่ผ่านการตรวจสอบ <br /> กรุณาแก้ไขข้อมูลให้ถูกต้อง', 10, '2023-01-26', 0),
(69, 'home.php?menu=view&id=115', 'นักกีฬาของท่านไม่ผ่านการตรวจสอบ <br /> กรุณาแก้ไขข้อมูลให้ถูกต้อง', 10, '2023-01-26', 0),
(70, 'home.php?menu=view&id=248', 'นักกีฬาของท่านไม่ผ่านการตรวจสอบ <br /> กรุณาแก้ไขข้อมูลให้ถูกต้อง', 10, '2023-01-26', 0),
(71, 'home.php?menu=view&id=252', 'นักกีฬาของท่านไม่ผ่านการตรวจสอบ <br /> กรุณาแก้ไขข้อมูลให้ถูกต้อง', 10, '2023-01-26', 0),
(72, 'home.php?menu=view&id=238', 'นักกีฬาของท่านไม่ผ่านการตรวจสอบ <br /> กรุณาแก้ไขข้อมูลให้ถูกต้อง', 10, '2023-01-26', 0),
(73, 'home.php?menu=view&id=263', 'นักกีฬาของท่านไม่ผ่านการตรวจสอบ <br /> กรุณาแก้ไขข้อมูลให้ถูกต้อง', 10, '2023-01-26', 0),
(74, 'home.php?menu=view&id=15', 'นักกีฬาของท่านไม่ผ่านการตรวจสอบ <br /> กรุณาแก้ไขข้อมูลให้ถูกต้อง', 6, '2023-01-26', 1),
(75, 'home.php?menu=view&id=255', 'นักกีฬาของท่านไม่ผ่านการตรวจสอบ <br /> กรุณาแก้ไขข้อมูลให้ถูกต้อง', 10, '2023-01-26', 0),
(76, 'home.php?menu=view&id=688', 'นักกีฬาของท่านไม่ผ่านการตรวจสอบ <br /> กรุณาแก้ไขข้อมูลให้ถูกต้อง', 10, '2023-01-26', 0),
(77, 'home.php?menu=view&id=262', 'นักกีฬาของท่านไม่ผ่านการตรวจสอบ <br /> กรุณาแก้ไขข้อมูลให้ถูกต้อง', 10, '2023-01-26', 1),
(78, 'home.php?menu=view&id=718', 'นักกีฬาของท่านไม่ผ่านการตรวจสอบ <br /> กรุณาแก้ไขข้อมูลให้ถูกต้อง', 10, '2023-01-26', 0),
(79, 'home.php?menu=view&id=279', 'นักกีฬาของท่านไม่ผ่านการตรวจสอบ <br /> กรุณาแก้ไขข้อมูลให้ถูกต้อง', 10, '2023-01-26', 0),
(80, 'home.php?menu=view&id=287', 'นักกีฬาของท่านไม่ผ่านการตรวจสอบ <br /> กรุณาแก้ไขข้อมูลให้ถูกต้อง', 10, '2023-01-26', 0),
(81, 'home.php?menu=view&id=587', 'นักกีฬาของท่านไม่ผ่านการตรวจสอบ <br /> กรุณาแก้ไขข้อมูลให้ถูกต้อง', 13, '2023-01-26', 1),
(82, 'home.php?menu=view&id=291', 'นักกีฬาของท่านไม่ผ่านการตรวจสอบ <br /> กรุณาแก้ไขข้อมูลให้ถูกต้อง', 10, '2023-01-26', 1),
(83, 'home.php?menu=view&id=689', 'นักกีฬาของท่านไม่ผ่านการตรวจสอบ <br /> กรุณาแก้ไขข้อมูลให้ถูกต้อง', 10, '2023-01-26', 0),
(84, 'home.php?menu=view&id=687', 'นักกีฬาของท่านไม่ผ่านการตรวจสอบ <br /> กรุณาแก้ไขข้อมูลให้ถูกต้อง', 10, '2023-01-26', 0),
(85, 'home.php?menu=view&id=716', 'นักกีฬาของท่านไม่ผ่านการตรวจสอบ <br /> กรุณาแก้ไขข้อมูลให้ถูกต้อง', 10, '2023-01-26', 0),
(86, 'home.php?menu=view&id=710', 'นักกีฬาของท่านไม่ผ่านการตรวจสอบ <br /> กรุณาแก้ไขข้อมูลให้ถูกต้อง', 10, '2023-01-26', 0),
(87, 'home.php?menu=view&id=719', 'นักกีฬาของท่านไม่ผ่านการตรวจสอบ <br /> กรุณาแก้ไขข้อมูลให้ถูกต้อง', 10, '2023-01-26', 0),
(88, 'home.php?menu=view&id=720', 'นักกีฬาของท่านไม่ผ่านการตรวจสอบ <br /> กรุณาแก้ไขข้อมูลให้ถูกต้อง', 10, '2023-01-26', 0),
(89, 'home.php?menu=view&id=721', 'นักกีฬาของท่านไม่ผ่านการตรวจสอบ <br /> กรุณาแก้ไขข้อมูลให้ถูกต้อง', 10, '2023-01-26', 0),
(90, 'home.php?menu=view&id=722', 'นักกีฬาของท่านไม่ผ่านการตรวจสอบ <br /> กรุณาแก้ไขข้อมูลให้ถูกต้อง', 10, '2023-01-26', 0),
(91, 'home.php?menu=view&id=727', 'นักกีฬาของท่านไม่ผ่านการตรวจสอบ <br /> กรุณาแก้ไขข้อมูลให้ถูกต้อง', 10, '2023-01-26', 0),
(92, 'home.php?menu=view&id=724', 'นักกีฬาของท่านไม่ผ่านการตรวจสอบ <br /> กรุณาแก้ไขข้อมูลให้ถูกต้อง', 10, '2023-01-26', 0),
(93, 'home.php?menu=view&id=725', 'นักกีฬาของท่านไม่ผ่านการตรวจสอบ <br /> กรุณาแก้ไขข้อมูลให้ถูกต้อง', 10, '2023-01-26', 0),
(94, 'home.php?menu=view&id=729', 'นักกีฬาของท่านไม่ผ่านการตรวจสอบ <br /> กรุณาแก้ไขข้อมูลให้ถูกต้อง', 10, '2023-01-26', 0),
(95, 'home.php?menu=view&id=731', 'นักกีฬาของท่านไม่ผ่านการตรวจสอบ <br /> กรุณาแก้ไขข้อมูลให้ถูกต้อง', 10, '2023-01-26', 0),
(96, 'home.php?menu=view&id=732', 'นักกีฬาของท่านไม่ผ่านการตรวจสอบ <br /> กรุณาแก้ไขข้อมูลให้ถูกต้อง', 10, '2023-01-26', 0),
(97, 'home.php?menu=view&id=734', 'นักกีฬาของท่านไม่ผ่านการตรวจสอบ <br /> กรุณาแก้ไขข้อมูลให้ถูกต้อง', 10, '2023-01-26', 0),
(98, 'home.php?menu=view&id=735', 'นักกีฬาของท่านไม่ผ่านการตรวจสอบ <br /> กรุณาแก้ไขข้อมูลให้ถูกต้อง', 10, '2023-01-26', 0),
(99, 'home.php?menu=view&id=761', 'นักกีฬาของท่านไม่ผ่านการตรวจสอบ <br /> กรุณาแก้ไขข้อมูลให้ถูกต้อง', 10, '2023-01-26', 0),
(100, 'home.php?menu=view&id=756', 'นักกีฬาของท่านไม่ผ่านการตรวจสอบ <br /> กรุณาแก้ไขข้อมูลให้ถูกต้อง', 10, '2023-01-26', 0),
(101, 'home.php?menu=view&id=11', 'นักกีฬาของท่านไม่ผ่านการตรวจสอบ <br /> กรุณาแก้ไขข้อมูลให้ถูกต้อง', 6, '2023-01-26', 1),
(102, 'home.php?menu=view&id=873', 'นักกีฬาของท่านไม่ผ่านการตรวจสอบ <br /> กรุณาแก้ไขข้อมูลให้ถูกต้อง', 10, '2023-01-26', 0),
(103, 'home.php?menu=view&id=64', 'นักกีฬาของท่านไม่ผ่านการตรวจสอบ <br /> กรุณาแก้ไขข้อมูลให้ถูกต้อง', 6, '2023-01-26', 1),
(104, 'home.php?menu=view&id=888', 'นักกีฬาของท่านไม่ผ่านการตรวจสอบ <br /> กรุณาแก้ไขข้อมูลให้ถูกต้อง', 10, '2023-01-26', 0),
(105, 'home.php?menu=view&id=891', 'นักกีฬาของท่านไม่ผ่านการตรวจสอบ <br /> กรุณาแก้ไขข้อมูลให้ถูกต้อง', 10, '2023-01-26', 0),
(106, 'home.php?menu=view&id=81', 'นักกีฬาของท่านไม่ผ่านการตรวจสอบ <br /> กรุณาแก้ไขข้อมูลให้ถูกต้อง', 6, '2023-01-26', 1),
(107, 'home.php?menu=view&id=737', 'นักกีฬาของท่านไม่ผ่านการตรวจสอบ <br /> กรุณาแก้ไขข้อมูลให้ถูกต้อง', 10, '2023-01-26', 0),
(108, 'home.php?menu=view&id=760', 'นักกีฬาของท่านไม่ผ่านการตรวจสอบ <br /> กรุณาแก้ไขข้อมูลให้ถูกต้อง', 10, '2023-01-26', 0),
(109, 'home.php?menu=view&id=943', 'นักกีฬาของท่านไม่ผ่านการตรวจสอบ <br /> กรุณาแก้ไขข้อมูลให้ถูกต้อง', 10, '2023-01-26', 0),
(110, 'home.php?menu=view&id=992', 'นักกีฬาของท่านไม่ผ่านการตรวจสอบ <br /> กรุณาแก้ไขข้อมูลให้ถูกต้อง', 10, '2023-01-26', 1),
(111, 'home.php?menu=view&id=17', 'นักกีฬาของท่านไม่ผ่านการตรวจสอบ <br /> กรุณาแก้ไขข้อมูลให้ถูกต้อง', 6, '2023-01-26', 0),
(112, 'home.php?menu=view&id=1189', 'นักกีฬาของท่านไม่ผ่านการตรวจสอบ <br /> กรุณาแก้ไขข้อมูลให้ถูกต้อง', 10, '2023-01-26', 1),
(113, 'home.php?menu=view&id=895', 'นักกีฬาของท่านไม่ผ่านการตรวจสอบ <br /> กรุณาแก้ไขข้อมูลให้ถูกต้อง', 10, '2023-01-26', 1),
(114, 'home.php?menu=view&id=68', 'นักกีฬาของท่านไม่ผ่านการตรวจสอบ <br /> กรุณาแก้ไขข้อมูลให้ถูกต้อง', 6, '2023-01-26', 0),
(115, 'home.php?menu=view&id=180', 'นักกีฬาของท่านไม่ผ่านการตรวจสอบ <br /> กรุณาแก้ไขข้อมูลให้ถูกต้อง', 6, '2023-01-26', 0),
(116, 'home.php?menu=view&id=549', 'นักกีฬาของท่านไม่ผ่านการตรวจสอบ <br /> กรุณาแก้ไขข้อมูลให้ถูกต้อง', 8, '2023-01-26', 1),
(117, 'home.php?menu=view&id=24', 'นักกีฬาของท่านไม่ผ่านการตรวจสอบ <br /> กรุณาแก้ไขข้อมูลให้ถูกต้อง', 6, '2023-01-26', 0),
(118, 'home.php?menu=view&id=75', 'นักกีฬาของท่านไม่ผ่านการตรวจสอบ <br /> กรุณาแก้ไขข้อมูลให้ถูกต้อง', 6, '2023-01-26', 0),
(119, 'home.php?menu=view&id=77', 'นักกีฬาของท่านไม่ผ่านการตรวจสอบ <br /> กรุณาแก้ไขข้อมูลให้ถูกต้อง', 6, '2023-01-26', 0),
(120, 'home.php?menu=view&id=78', 'นักกีฬาของท่านไม่ผ่านการตรวจสอบ <br /> กรุณาแก้ไขข้อมูลให้ถูกต้อง', 6, '2023-01-26', 0),
(121, 'home.php?menu=view&id=84', 'นักกีฬาของท่านไม่ผ่านการตรวจสอบ <br /> กรุณาแก้ไขข้อมูลให้ถูกต้อง', 6, '2023-01-26', 0),
(122, 'home.php?menu=view&id=346', 'นักกีฬาของท่านไม่ผ่านการตรวจสอบ <br /> กรุณาแก้ไขข้อมูลให้ถูกต้อง', 6, '2023-01-26', 0),
(123, 'home.php?menu=view&id=177', 'นักกีฬาของท่านไม่ผ่านการตรวจสอบ <br /> กรุณาแก้ไขข้อมูลให้ถูกต้อง', 6, '2023-01-26', 0),
(124, 'home.php?menu=view&id=332', 'นักกีฬาของท่านไม่ผ่านการตรวจสอบ <br /> กรุณาแก้ไขข้อมูลให้ถูกต้อง', 6, '2023-01-26', 0),
(125, 'home.php?menu=view&id=339', 'นักกีฬาของท่านไม่ผ่านการตรวจสอบ <br /> กรุณาแก้ไขข้อมูลให้ถูกต้อง', 6, '2023-01-26', 0),
(126, 'home.php?menu=view&id=356', 'นักกีฬาของท่านไม่ผ่านการตรวจสอบ <br /> กรุณาแก้ไขข้อมูลให้ถูกต้อง', 6, '2023-01-26', 0),
(127, 'home.php?menu=view&id=353', 'นักกีฬาของท่านไม่ผ่านการตรวจสอบ <br /> กรุณาแก้ไขข้อมูลให้ถูกต้อง', 6, '2023-01-26', 0),
(128, 'home.php?menu=view&id=342', 'นักกีฬาของท่านไม่ผ่านการตรวจสอบ <br /> กรุณาแก้ไขข้อมูลให้ถูกต้อง', 6, '2023-01-26', 0),
(129, 'home.php?menu=view&id=360', 'นักกีฬาของท่านไม่ผ่านการตรวจสอบ <br /> กรุณาแก้ไขข้อมูลให้ถูกต้อง', 6, '2023-01-26', 0),
(130, 'home.php?menu=view&id=343', 'นักกีฬาของท่านไม่ผ่านการตรวจสอบ <br /> กรุณาแก้ไขข้อมูลให้ถูกต้อง', 6, '2023-01-26', 0),
(131, 'home.php?menu=view&id=351', 'นักกีฬาของท่านไม่ผ่านการตรวจสอบ <br /> กรุณาแก้ไขข้อมูลให้ถูกต้อง', 6, '2023-01-26', 0),
(132, 'home.php?menu=view&id=359', 'นักกีฬาของท่านไม่ผ่านการตรวจสอบ <br /> กรุณาแก้ไขข้อมูลให้ถูกต้อง', 6, '2023-01-26', 0),
(133, 'home.php?menu=view&id=361', 'นักกีฬาของท่านไม่ผ่านการตรวจสอบ <br /> กรุณาแก้ไขข้อมูลให้ถูกต้อง', 6, '2023-01-26', 0),
(134, 'home.php?menu=view&id=362', 'นักกีฬาของท่านไม่ผ่านการตรวจสอบ <br /> กรุณาแก้ไขข้อมูลให้ถูกต้อง', 6, '2023-01-26', 0),
(135, 'home.php?menu=view&id=1009', 'นักกีฬาของท่านไม่ผ่านการตรวจสอบ <br /> กรุณาแก้ไขข้อมูลให้ถูกต้อง', 6, '2023-01-26', 0),
(136, 'home.php?menu=view&id=609', 'นักกีฬาของท่านไม่ผ่านการตรวจสอบ <br /> กรุณาแก้ไขข้อมูลให้ถูกต้อง', 6, '2023-01-26', 0),
(137, 'home.php?menu=view&id=1116', 'นักกีฬาของท่านไม่ผ่านการตรวจสอบ <br /> กรุณาแก้ไขข้อมูลให้ถูกต้อง', 6, '2023-01-27', 0),
(138, 'home.php?menu=view&id=1086', 'นักกีฬาของท่านไม่ผ่านการตรวจสอบ <br /> กรุณาแก้ไขข้อมูลให้ถูกต้อง', 6, '2023-01-27', 0),
(139, 'home.php?menu=view&id=1086', 'นักกีฬาของท่านไม่ผ่านการตรวจสอบ <br /> กรุณาแก้ไขข้อมูลให้ถูกต้อง', 6, '2023-01-27', 0),
(140, 'home.php?menu=view&id=551', 'นักกีฬาของท่านไม่ผ่านการตรวจสอบ <br /> กรุณาแก้ไขข้อมูลให้ถูกต้อง', 8, '2023-01-27', 1),
(141, 'home.php?menu=view&id=1117', 'นักกีฬาของท่านไม่ผ่านการตรวจสอบ <br /> กรุณาแก้ไขข้อมูลให้ถูกต้อง', 6, '2023-01-27', 0),
(142, 'home.php?menu=view&id=1117', 'นักกีฬาของท่านไม่ผ่านการตรวจสอบ <br /> กรุณาแก้ไขข้อมูลให้ถูกต้อง', 6, '2023-01-27', 0),
(143, 'home.php?menu=view&id=316', 'นักกีฬาของท่านไม่ผ่านการตรวจสอบ <br /> กรุณาแก้ไขข้อมูลให้ถูกต้อง', 11, '2023-01-27', 1),
(144, 'home.php?menu=view&id=317', 'นักกีฬาของท่านไม่ผ่านการตรวจสอบ <br /> กรุณาแก้ไขข้อมูลให้ถูกต้อง', 11, '2023-01-27', 1),
(145, 'home.php?menu=view&id=321', 'นักกีฬาของท่านไม่ผ่านการตรวจสอบ <br /> กรุณาแก้ไขข้อมูลให้ถูกต้อง', 11, '2023-01-27', 1),
(146, 'home.php?menu=view&id=1136', 'นักกีฬาของท่านไม่ผ่านการตรวจสอบ <br /> กรุณาแก้ไขข้อมูลให้ถูกต้อง', 6, '2023-01-27', 0),
(147, 'home.php?menu=view&id=1143', 'นักกีฬาของท่านไม่ผ่านการตรวจสอบ <br /> กรุณาแก้ไขข้อมูลให้ถูกต้อง', 6, '2023-01-27', 0),
(148, 'home.php?menu=view&id=1146', 'นักกีฬาของท่านไม่ผ่านการตรวจสอบ <br /> กรุณาแก้ไขข้อมูลให้ถูกต้อง', 6, '2023-01-27', 0),
(149, 'home.php?menu=view&id=447', 'นักกีฬาของท่านไม่ผ่านการตรวจสอบ <br /> กรุณาแก้ไขข้อมูลให้ถูกต้อง', 11, '2023-01-27', 1),
(150, 'home.php?menu=view&id=485', 'นักกีฬาของท่านไม่ผ่านการตรวจสอบ <br /> กรุณาแก้ไขข้อมูลให้ถูกต้อง', 11, '2023-01-27', 0),
(151, 'home.php?menu=view&id=487', 'นักกีฬาของท่านไม่ผ่านการตรวจสอบ <br /> กรุณาแก้ไขข้อมูลให้ถูกต้อง', 11, '2023-01-27', 0),
(152, 'home.php?menu=view&id=489', 'นักกีฬาของท่านไม่ผ่านการตรวจสอบ <br /> กรุณาแก้ไขข้อมูลให้ถูกต้อง', 11, '2023-01-27', 0),
(153, 'home.php?menu=view&id=44', 'นักกีฬาของท่านไม่ผ่านการตรวจสอบ <br /> กรุณาแก้ไขข้อมูลให้ถูกต้อง', 8, '2023-01-27', 1),
(154, 'home.php?menu=view&id=52', 'นักกีฬาของท่านไม่ผ่านการตรวจสอบ <br /> กรุณาแก้ไขข้อมูลให้ถูกต้อง', 8, '2023-01-27', 1),
(155, 'home.php?menu=view&id=54', 'นักกีฬาของท่านไม่ผ่านการตรวจสอบ <br /> กรุณาแก้ไขข้อมูลให้ถูกต้อง', 8, '2023-01-27', 1),
(156, 'home.php?menu=view&id=55', 'นักกีฬาของท่านไม่ผ่านการตรวจสอบ <br /> กรุณาแก้ไขข้อมูลให้ถูกต้อง', 8, '2023-01-27', 1),
(157, 'home.php?menu=view&id=56', 'นักกีฬาของท่านไม่ผ่านการตรวจสอบ <br /> กรุณาแก้ไขข้อมูลให้ถูกต้อง', 8, '2023-01-27', 1),
(158, 'home.php?menu=view&id=57', 'นักกีฬาของท่านไม่ผ่านการตรวจสอบ <br /> กรุณาแก้ไขข้อมูลให้ถูกต้อง', 8, '2023-01-27', 1),
(159, 'home.php?menu=view&id=59', 'นักกีฬาของท่านไม่ผ่านการตรวจสอบ <br /> กรุณาแก้ไขข้อมูลให้ถูกต้อง', 8, '2023-01-27', 1),
(160, 'home.php?menu=view&id=230', 'นักกีฬาของท่านไม่ผ่านการตรวจสอบ <br /> กรุณาแก้ไขข้อมูลให้ถูกต้อง', 12, '2023-01-27', 1),
(161, 'home.php?menu=view&id=61', 'นักกีฬาของท่านไม่ผ่านการตรวจสอบ <br /> กรุณาแก้ไขข้อมูลให้ถูกต้อง', 8, '2023-01-27', 1),
(162, 'home.php?menu=view&id=62', 'นักกีฬาของท่านไม่ผ่านการตรวจสอบ <br /> กรุณาแก้ไขข้อมูลให้ถูกต้อง', 8, '2023-01-27', 1),
(163, 'home.php?menu=view&id=65', 'นักกีฬาของท่านไม่ผ่านการตรวจสอบ <br /> กรุณาแก้ไขข้อมูลให้ถูกต้อง', 8, '2023-01-27', 1),
(164, 'home.php?menu=view&id=66', 'นักกีฬาของท่านไม่ผ่านการตรวจสอบ <br /> กรุณาแก้ไขข้อมูลให้ถูกต้อง', 8, '2023-01-27', 1),
(165, 'home.php?menu=view&id=618', 'นักกีฬาของท่านไม่ผ่านการตรวจสอบ <br /> กรุณาแก้ไขข้อมูลให้ถูกต้อง', 12, '2023-01-27', 1),
(166, 'home.php?menu=view&id=69', 'นักกีฬาของท่านไม่ผ่านการตรวจสอบ <br /> กรุณาแก้ไขข้อมูลให้ถูกต้อง', 8, '2023-01-27', 1),
(167, 'home.php?menu=view&id=71', 'นักกีฬาของท่านไม่ผ่านการตรวจสอบ <br /> กรุณาแก้ไขข้อมูลให้ถูกต้อง', 8, '2023-01-27', 1),
(168, 'home.php?menu=view&id=72', 'นักกีฬาของท่านไม่ผ่านการตรวจสอบ <br /> กรุณาแก้ไขข้อมูลให้ถูกต้อง', 8, '2023-01-27', 1),
(169, 'home.php?menu=view&id=1193', 'นักกีฬาของท่านไม่ผ่านการตรวจสอบ <br /> กรุณาแก้ไขข้อมูลให้ถูกต้อง', 9, '2023-01-27', 0),
(170, 'home.php?menu=view&id=1218', 'นักกีฬาของท่านไม่ผ่านการตรวจสอบ <br /> กรุณาแก้ไขข้อมูลให้ถูกต้อง', 11, '2023-01-27', 0),
(171, 'home.php?menu=view&id=1213', 'นักกีฬาของท่านไม่ผ่านการตรวจสอบ <br /> กรุณาแก้ไขข้อมูลให้ถูกต้อง', 12, '2023-01-27', 1),
(172, 'home.php?menu=view&id=83', 'นักกีฬาของท่านไม่ผ่านการตรวจสอบ <br /> กรุณาแก้ไขข้อมูลให้ถูกต้อง', 8, '2023-01-27', 1),
(173, 'home.php?menu=view&id=578', 'นักกีฬาของท่านไม่ผ่านการตรวจสอบ <br /> กรุณาแก้ไขข้อมูลให้ถูกต้อง', 11, '2023-01-27', 0),
(174, 'home.php?menu=view&id=83', 'นักกีฬาของท่านไม่ผ่านการตรวจสอบ <br /> กรุณาแก้ไขข้อมูลให้ถูกต้อง', 8, '2023-01-27', 1),
(175, 'home.php?menu=view&id=975', 'นักกีฬาของท่านไม่ผ่านการตรวจสอบ <br /> กรุณาแก้ไขข้อมูลให้ถูกต้อง', 9, '2023-01-27', 0),
(176, 'home.php?menu=view&id=1207', 'นักกีฬาของท่านไม่ผ่านการตรวจสอบ <br /> กรุณาแก้ไขข้อมูลให้ถูกต้อง', 12, '2023-01-27', 1),
(177, 'home.php?menu=view&id=542', 'นักกีฬาของท่านไม่ผ่านการตรวจสอบ <br /> กรุณาแก้ไขข้อมูลให้ถูกต้อง', 8, '2023-01-27', 1),
(178, 'home.php?menu=view&id=552', 'นักกีฬาของท่านไม่ผ่านการตรวจสอบ <br /> กรุณาแก้ไขข้อมูลให้ถูกต้อง', 8, '2023-01-27', 1),
(179, 'home.php?menu=view&id=862', 'นักกีฬาของท่านไม่ผ่านการตรวจสอบ <br /> กรุณาแก้ไขข้อมูลให้ถูกต้อง', 8, '2023-01-27', 1),
(180, 'home.php?menu=view&id=323', 'นักกีฬาของท่านไม่ผ่านการตรวจสอบ <br /> กรุณาแก้ไขข้อมูลให้ถูกต้อง', 12, '2023-01-27', 1),
(181, 'home.php?menu=view&id=879', 'นักกีฬาของท่านไม่ผ่านการตรวจสอบ <br /> กรุณาแก้ไขข้อมูลให้ถูกต้อง', 8, '2023-01-27', 1),
(182, 'home.php?menu=view&id=861', 'นักกีฬาของท่านไม่ผ่านการตรวจสอบ <br /> กรุณาแก้ไขข้อมูลให้ถูกต้อง', 12, '2023-01-27', 1),
(183, 'home.php?menu=view&id=326', 'นักกีฬาของท่านไม่ผ่านการตรวจสอบ <br /> กรุณาแก้ไขข้อมูลให้ถูกต้อง', 12, '2023-01-27', 1),
(184, 'home.php?menu=view&id=862', 'นักกีฬาของท่านไม่ผ่านการตรวจสอบ <br /> กรุณาแก้ไขข้อมูลให้ถูกต้อง', 8, '2023-01-27', 1),
(185, 'home.php?menu=view&id=862', 'นักกีฬาของท่านไม่ผ่านการตรวจสอบ <br /> กรุณาแก้ไขข้อมูลให้ถูกต้อง', 8, '2023-01-27', 1),
(186, 'home.php?menu=view&id=804', 'นักกีฬาของท่านไม่ผ่านการตรวจสอบ <br /> กรุณาแก้ไขข้อมูลให้ถูกต้อง', 9, '2023-01-27', 0),
(187, 'home.php?menu=view&id=862', 'นักกีฬาของท่านไม่ผ่านการตรวจสอบ <br /> กรุณาแก้ไขข้อมูลให้ถูกต้อง', 8, '2023-01-27', 1),
(188, 'home.php?menu=view&id=866', 'นักกีฬาของท่านไม่ผ่านการตรวจสอบ <br /> กรุณาแก้ไขข้อมูลให้ถูกต้อง', 9, '2023-01-27', 0),
(189, 'home.php?menu=view&id=915', 'นักกีฬาของท่านไม่ผ่านการตรวจสอบ <br /> กรุณาแก้ไขข้อมูลให้ถูกต้อง', 9, '2023-01-27', 0),
(190, 'home.php?menu=view&id=917', 'นักกีฬาของท่านไม่ผ่านการตรวจสอบ <br /> กรุณาแก้ไขข้อมูลให้ถูกต้อง', 9, '2023-01-27', 0),
(191, 'home.php?menu=view&id=923', 'นักกีฬาของท่านไม่ผ่านการตรวจสอบ <br /> กรุณาแก้ไขข้อมูลให้ถูกต้อง', 9, '2023-01-27', 0),
(192, 'home.php?menu=view&id=929', 'นักกีฬาของท่านไม่ผ่านการตรวจสอบ <br /> กรุณาแก้ไขข้อมูลให้ถูกต้อง', 9, '2023-01-27', 0),
(193, 'home.php?menu=view&id=547', 'นักกีฬาของท่านไม่ผ่านการตรวจสอบ <br /> กรุณาแก้ไขข้อมูลให้ถูกต้อง', 8, '2023-01-27', 1),
(194, 'home.php?menu=view&id=862', 'นักกีฬาของท่านไม่ผ่านการตรวจสอบ <br /> กรุณาแก้ไขข้อมูลให้ถูกต้อง', 8, '2023-01-27', 1),
(195, 'home.php?menu=view&id=856', 'นักกีฬาของท่านไม่ผ่านการตรวจสอบ <br /> กรุณาแก้ไขข้อมูลให้ถูกต้อง', 9, '2023-01-27', 0),
(196, 'home.php?menu=view&id=548', 'นักกีฬาของท่านไม่ผ่านการตรวจสอบ <br /> กรุณาแก้ไขข้อมูลให้ถูกต้อง', 8, '2023-01-27', 1),
(197, 'home.php?menu=view&id=548', 'นักกีฬาของท่านไม่ผ่านการตรวจสอบ <br /> กรุณาแก้ไขข้อมูลให้ถูกต้อง', 8, '2023-01-27', 1),
(198, 'home.php?menu=view&id=548', 'นักกีฬาของท่านไม่ผ่านการตรวจสอบ <br /> กรุณาแก้ไขข้อมูลให้ถูกต้อง', 8, '2023-01-27', 1),
(199, 'home.php?menu=view&id=699', 'นักกีฬาของท่านไม่ผ่านการตรวจสอบ <br /> กรุณาแก้ไขข้อมูลให้ถูกต้อง', 8, '2023-01-27', 1),
(200, 'home.php?menu=view&id=699', 'นักกีฬาของท่านไม่ผ่านการตรวจสอบ <br /> กรุณาแก้ไขข้อมูลให้ถูกต้อง', 8, '2023-01-27', 1),
(201, 'home.php?menu=view&id=699', 'นักกีฬาของท่านไม่ผ่านการตรวจสอบ <br /> กรุณาแก้ไขข้อมูลให้ถูกต้อง', 8, '2023-01-27', 1),
(202, 'home.php?menu=view&id=704', 'นักกีฬาของท่านไม่ผ่านการตรวจสอบ <br /> กรุณาแก้ไขข้อมูลให้ถูกต้อง', 8, '2023-01-27', 1),
(203, 'home.php?menu=view&id=704', 'นักกีฬาของท่านไม่ผ่านการตรวจสอบ <br /> กรุณาแก้ไขข้อมูลให้ถูกต้อง', 8, '2023-01-27', 1),
(204, 'home.php?menu=view&id=933', 'นักกีฬาของท่านไม่ผ่านการตรวจสอบ <br /> กรุณาแก้ไขข้อมูลให้ถูกต้อง', 9, '2023-01-27', 0),
(205, 'home.php?menu=view&id=631', 'นักกีฬาของท่านไม่ผ่านการตรวจสอบ <br /> กรุณาแก้ไขข้อมูลให้ถูกต้อง', 12, '2023-01-27', 1),
(206, 'home.php?menu=view&id=573', 'นักกีฬาของท่านไม่ผ่านการตรวจสอบ <br /> กรุณาแก้ไขข้อมูลให้ถูกต้อง', 11, '2023-01-27', 0),
(207, 'home.php?menu=view&id=449', 'นักกีฬาของท่านไม่ผ่านการตรวจสอบ <br /> กรุณาแก้ไขข้อมูลให้ถูกต้อง', 12, '2023-01-27', 1),
(208, 'home.php?menu=view&id=449', 'นักกีฬาของท่านไม่ผ่านการตรวจสอบ <br /> กรุณาแก้ไขข้อมูลให้ถูกต้อง', 12, '2023-01-27', 1),
(209, 'home.php?menu=view&id=794', 'นักกีฬาของท่านไม่ผ่านการตรวจสอบ <br /> กรุณาแก้ไขข้อมูลให้ถูกต้อง', 12, '2023-01-27', 1),
(210, 'home.php?menu=view&id=695', 'นักกีฬาของท่านไม่ผ่านการตรวจสอบ <br /> กรุณาแก้ไขข้อมูลให้ถูกต้อง', 12, '2023-01-27', 1);
INSERT INTO `message_tb` (`message_id`, `message_url`, `message_detail`, `id_user_admin`, `date`, `st`) VALUES
(211, 'home.php?menu=view&id=570', 'นักกีฬาของท่านไม่ผ่านการตรวจสอบ <br /> กรุณาแก้ไขข้อมูลให้ถูกต้อง', 12, '2023-01-27', 1),
(212, 'home.php?menu=view&id=440', 'นักกีฬาของท่านไม่ผ่านการตรวจสอบ <br /> กรุณาแก้ไขข้อมูลให้ถูกต้อง', 12, '2023-01-27', 1),
(213, 'home.php?menu=view&id=440', 'นักกีฬาของท่านไม่ผ่านการตรวจสอบ <br /> กรุณาแก้ไขข้อมูลให้ถูกต้อง', 12, '2023-01-27', 1),
(214, 'home.php?menu=view&id=463', 'นักกีฬาของท่านไม่ผ่านการตรวจสอบ <br /> กรุณาแก้ไขข้อมูลให้ถูกต้อง', 12, '2023-01-27', 1),
(215, 'home.php?menu=view&id=463', 'นักกีฬาของท่านไม่ผ่านการตรวจสอบ <br /> กรุณาแก้ไขข้อมูลให้ถูกต้อง', 12, '2023-01-27', 1),
(216, 'home.php?menu=view&id=440', 'นักกีฬาของท่านไม่ผ่านการตรวจสอบ <br /> กรุณาแก้ไขข้อมูลให้ถูกต้อง', 12, '2023-01-27', 1),
(217, 'home.php?menu=view&id=463', 'นักกีฬาของท่านไม่ผ่านการตรวจสอบ <br /> กรุณาแก้ไขข้อมูลให้ถูกต้อง', 12, '2023-01-27', 1),
(218, 'home.php?menu=view&id=950', 'นักกีฬาของท่านไม่ผ่านการตรวจสอบ <br /> กรุณาแก้ไขข้อมูลให้ถูกต้อง', 11, '2023-01-27', 0),
(219, 'home.php?menu=view&id=950', 'นักกีฬาของท่านไม่ผ่านการตรวจสอบ <br /> กรุณาแก้ไขข้อมูลให้ถูกต้อง', 11, '2023-01-27', 0),
(220, 'home.php?menu=view&id=463', 'นักกีฬาของท่านไม่ผ่านการตรวจสอบ <br /> กรุณาแก้ไขข้อมูลให้ถูกต้อง', 12, '2023-01-27', 1),
(221, 'home.php?menu=view&id=440', 'นักกีฬาของท่านไม่ผ่านการตรวจสอบ <br /> กรุณาแก้ไขข้อมูลให้ถูกต้อง', 12, '2023-01-27', 1),
(222, 'home.php?menu=view&id=367', 'นักกีฬาของท่านไม่ผ่านการตรวจสอบ <br /> กรุณาแก้ไขข้อมูลให้ถูกต้อง', 7, '2023-01-28', 0),
(223, 'home.php?menu=view&id=447', 'นักกีฬาของท่านไม่ผ่านการตรวจสอบ <br /> กรุณาแก้ไขข้อมูลให้ถูกต้อง', 11, '2023-01-28', 0),
(224, 'home.php?menu=view&id=573', 'นักกีฬาของท่านไม่ผ่านการตรวจสอบ <br /> กรุณาแก้ไขข้อมูลให้ถูกต้อง', 11, '2023-01-28', 0),
(225, 'home.php?menu=view&id=362', 'นักกีฬาของท่านไม่ผ่านการตรวจสอบ <br /> กรุณาแก้ไขข้อมูลให้ถูกต้อง', 6, '2023-01-28', 0),
(226, 'home.php?menu=view&id=1115', 'นักกีฬาของท่านไม่ผ่านการตรวจสอบ <br /> กรุณาแก้ไขข้อมูลให้ถูกต้อง', 7, '2023-02-02', 0),
(227, 'home.php?menu=view&id=1086', 'นักกีฬาของท่านไม่ผ่านการตรวจสอบ <br /> กรุณาแก้ไขข้อมูลให้ถูกต้อง', 6, '2023-02-02', 0),
(228, 'home.php?menu=view&id=903', 'นักกีฬาของท่านไม่ผ่านการตรวจสอบ <br /> กรุณาแก้ไขข้อมูลให้ถูกต้อง', 9, '2023-02-02', 0),
(229, 'home.php?menu=view&id=609', 'นักกีฬาของท่านไม่ผ่านการตรวจสอบ <br /> กรุณาแก้ไขข้อมูลให้ถูกต้อง', 6, '2023-02-02', 0),
(230, 'home.php?menu=view&id=1116', 'นักกีฬาของท่านไม่ผ่านการตรวจสอบ <br /> กรุณาแก้ไขข้อมูลให้ถูกต้อง', 6, '2023-02-02', 0),
(231, 'home.php?menu=view&id=230', 'นักกีฬาของท่านไม่ผ่านการตรวจสอบ <br /> กรุณาแก้ไขข้อมูลให้ถูกต้อง', 12, '2023-02-02', 1),
(232, 'home.php?menu=view&id=230', 'นักกีฬาของท่านไม่ผ่านการตรวจสอบ <br /> กรุณาแก้ไขข้อมูลให้ถูกต้อง', 12, '2023-02-02', 1),
(233, 'home.php?menu=view&id=326', 'นักกีฬาของท่านไม่ผ่านการตรวจสอบ <br /> กรุณาแก้ไขข้อมูลให้ถูกต้อง', 12, '2023-02-03', 1),
(234, 'home.php?menu=view&id=1167', 'นักกีฬาของท่านไม่ผ่านการตรวจสอบ <br /> กรุณาแก้ไขข้อมูลให้ถูกต้อง', 7, '2023-02-05', 0);

-- --------------------------------------------------------

--
-- โครงสร้างตาราง `nav_permis`
--

CREATE TABLE IF NOT EXISTS `nav_permis` (
  `nav_permis_id` smallint(6) NOT NULL AUTO_INCREMENT,
  `nav_permis_name` varchar(255) NOT NULL,
  `nav_permis_active` varchar(1) NOT NULL DEFAULT '1',
  PRIMARY KEY (`nav_permis_id`)
) ENGINE=InnoDB  DEFAULT CHARSET=utf8 AUTO_INCREMENT=9 ;

--
-- dump ตาราง `nav_permis`
--

INSERT INTO `nav_permis` (`nav_permis_id`, `nav_permis_name`, `nav_permis_active`) VALUES
(1, 'จัดการผู้ดูแลชนิดกีฬา', '1'),
(2, 'จัดการบุคลากร', '1'),
(3, 'จัดการข้อมูล F1', '1'),
(4, 'จัดการนักกีฬา', '1'),
(5, 'จัดการทีมการแข่งขัน F2', '1'),
(6, 'ใบส่งตัวนักกีฬา', '1'),
(7, 'เกียรติบัตรออนไลน์', '1'),
(8, 'คู่มือการใช้งาน', '1');

-- --------------------------------------------------------

--
-- โครงสร้างตาราง `personnel`
--

CREATE TABLE IF NOT EXISTS `personnel` (
  `personnel_id` int(11) NOT NULL AUTO_INCREMENT,
  `personnel_title` varchar(50) COLLATE utf8_bin NOT NULL,
  `personnel_name` varchar(50) COLLATE utf8_bin NOT NULL,
  `personnel_lastname` varchar(50) COLLATE utf8_bin NOT NULL,
  `personnel_tel` varchar(10) COLLATE utf8_bin NOT NULL,
  `personnel_email` varchar(50) COLLATE utf8_bin NOT NULL,
  `type_user` varchar(50) COLLATE utf8_bin NOT NULL,
  `personnel_update` date NOT NULL,
  `personnel_st` int(11) NOT NULL,
  `id_university` int(11) NOT NULL,
  `personnel_pic` varchar(100) COLLATE utf8_bin NOT NULL,
  PRIMARY KEY (`personnel_id`)
) ENGINE=InnoDB DEFAULT CHARSET=utf8 COLLATE=utf8_bin AUTO_INCREMENT=1 ;

-- --------------------------------------------------------

--
-- โครงสร้างตาราง `ref_prefix_name`
--

CREATE TABLE IF NOT EXISTS `ref_prefix_name` (
  `PREFIX_NAME_ID` varchar(255) DEFAULT NULL,
  `FULLNAME` varchar(255) DEFAULT NULL,
  `INITIALS` varchar(255) DEFAULT NULL,
  `รหัสกรมการปกครอง` varchar(255) DEFAULT NULL
) ENGINE=MyISAM DEFAULT CHARSET=utf8;

--
-- dump ตาราง `ref_prefix_name`
--

INSERT INTO `ref_prefix_name` (`PREFIX_NAME_ID`, `FULLNAME`, `INITIALS`, `รหัสกรมการปกครอง`) VALUES
('001', 'เด็กชาย', 'ด.ช.', '1'),
('002', 'เด็กหญิง', 'ด.ญ.', '2'),
('003', 'นาย', 'นาย', '3'),
('004', 'นางสาว', 'น.ส.', '4'),
('005', 'นาง', 'นาง', '5'),
('006', 'นักโทษชายหม่อมหลวง', 'น.ช.ม.ล.', '6'),
('007', 'นักโทษชาย', 'น.ช.', '7'),
('008', 'นักโทษหญิง', 'น.ญ.', '8'),
('009', 'นักโทษชายจ่าสิบเอก', 'น.ช.จ.ส.อ.', '9'),
('010', 'นักโทษชายจ่าเอก', 'น.ช.จ.อ.', '10'),
('011', 'นักโทษชายพลทหาร', 'น.ช.พลฯ.', '11'),
('012', 'นักโทษชายร้อยตรี', 'น.ช.ร.ต.', '12'),
('099', 'พระเจ้าหลานเธอ พระองค์เจ้า', 'พระเจ้าหลานเธอ พระองค์เจ้า', '99'),
('100', 'พระบาทสมเด็จพระเจ้าอยู่หัว', 'พระบาทสมเด็จพระเจ้าอยู่หัว', '100'),
('101', 'สมเด็จพระนางเจ้า', 'สมเด็จพระนางเจ้า', '101'),
('102', 'สมเด็จพระศรีนครินทราบรมราชชนนี', 'สมเด็จพระศรีนครินทราบรมราชชนนี', '102'),
('103', 'พลโทสมเด็จพระบรมโอรสาธิราช', 'พลโทสมเด็จพระบรมโอรสาธิราช', '103'),
('104', 'พลตรีสมเด็จพระเทพรัตนราชสุดา', 'พลตรีสมเด็จพระเทพรัตนราชสุดา', '104'),
('105', 'พระเจ้าวรวงศ์เธอพระองค์หญิง', 'พระเจ้าวรวงศ์เธอพระองค์หญิง', '105'),
('106', 'พระเจ้าวรวงศ์เธอ พระองค์เจ้า', 'พระเจ้าวรวงศ์เธอ พระองค์เจ้า', '106'),
('107', 'สมเด็จพระราชชนนี', 'สมเด็จพระราชชนนี', '107'),
('108', 'สมเด็จพระเจ้าพี่นางเธอเจ้าฟ้า', 'สมเด็จพระเจ้าพี่นางเธอเจ้าฟ้า', '108'),
('109', 'สมเด็จพระ', 'สมเด็จพระ', '109'),
('110', 'สมเด็จพระเจ้าลูกเธอ', 'สมเด็จพระเจ้าลูกเธอ', '110'),
('111', 'สมเด็จพระเจ้าลูกยาเธอ', 'สมเด็จพระเจ้าลูกยาเธอ', '111'),
('112', 'สมเด็จเจ้าฟ้า', 'สมเด็จเจ้าฟ้า', '112'),
('113', 'พระเจ้าบรมวงศ์เธอ', 'พระเจ้าบรมวงศ์เธอ', '113'),
('114', 'พระเจ้าวรวงศ์เธอ', 'พระเจ้าวรวงศ์เธอ', '114'),
('115', 'พระเจ้าหลานเธอ', 'พระเจ้าหลานเธอ', '115'),
('116', 'พระเจ้าหลานยาเธอ', 'พระเจ้าหลานยาเธอ', '116'),
('117', 'พระวรวงศ์เธอ', 'พระวรวงศ์เธอ', '117'),
('118', 'สมเด็จพระเจ้าภคินีเธอ', 'สมเด็จพระเจ้าภคินีเธอ', '118'),
('119', 'พระองค์เจ้า', 'พระองค์เจ้า', '119'),
('120', 'หม่อมเจ้า', 'ม.จ.', '120'),
('121', 'หม่อมราชวงศ์', 'ม.ร.ว.', '121'),
('122', 'หม่อมหลวง', 'ม.ล.', '122'),
('123', 'พระยา', 'พระยา', '123'),
('124', 'หลวง', 'หลวง', '124'),
('125', 'ขุน', 'ขุน', '125'),
('126', 'หมื่น', 'หมื่น', '126'),
('127', 'เจ้าคุณ', 'เจ้าคุณ', '127'),
('128', 'พระวรวงศ์เธอพระองค์เจ้า', 'พระวรวงศ์เธอพระองค์เจ้า', '128'),
('130', 'คุณหญิง', 'คุณหญิง', '130'),
('131', 'ท่านผู้หญิงหม่อมหลวง', 'ท่านผู้หญิง ม.ล.', '131'),
('132', 'ศาสตราจารย์นายแพทย์', 'ศ.น.พ.', '132'),
('133', 'แพทย์หญิงคุณหญิง', 'พ.ญ.คุณหญิง', '133'),
('134', 'นายแพทย์', 'น.พ.', '134'),
('135', 'แพทย์หญิง', 'พ.ญ.', '135'),
('136', 'ทันตแพทย์', 'ท.พ.', '136'),
('137', 'ทันตแพทย์หญิง', 'ท.ญ.', '137'),
('138', 'สัตวแพทย์', 'สพ.', '138'),
('139', 'สัตวแพทย์หญิง', 'สญ.', '139'),
('141', 'ผู้ช่วยศาสตราจารย์', 'ผศ.', '141'),
('142', 'รองศาสตราจารย์', 'รศ.', '142'),
('143', 'ศาสตราจารย์', 'ศ.', '143'),
('144', 'เภสัชกรชาย', 'ภก.', '144'),
('145', 'เภสัชกรหญิง', 'ภญ.', '145'),
('146', 'หม่อม', 'หม่อม', '146'),
('147', 'รองอำมาตย์เอก', 'รองอำมาตย์เอก', '147'),
('148', 'ท้าว', 'ท้าว', '148'),
('149', 'เจ้า', 'เจ้า', '149'),
('150', 'ท่านผู้หญิง', 'ท่านผู้หญิง', '150'),
('151', 'คุณพระ', 'คุณพระ', '151'),
('152', 'ศาสตราจารย์คุณหญิง', 'ศ.คุณหญิง', '152'),
('153', 'ซิสเตอร์', 'ซิสเตอร์', '153'),
('154', 'เจ้าชาย', 'เจ้าชาย', '154'),
('155', 'เจ้าหญิง', 'เจ้าหญิง', '155'),
('156', 'รองเสวกตรี', 'รองเสวกตรี', '156'),
('157', 'เสด็จเจ้า', 'เสด็จเจ้า', '157'),
('158', 'เอกอัครราชฑูต', 'เอกอัครราชฑูต', '158'),
('159', 'พลสารวัตร', 'พลสารวัตร', '159'),
('160', 'สมเด็จเจ้า', 'สมเด็จเจ้า', '160'),
('161', 'เจ้าฟ้า', 'เจ้าฟ้า', '161'),
('162', 'รองอำมาตย์ตรี', 'รองอำมาตย์ตรี', '162'),
('163', 'หม่อมเจ้าหญิง', 'ม.จ.หญิง', '163'),
('164', 'ทูลกระหม่อม', 'ทูลกระหม่อม', '164'),
('166', 'เจ้านาง', 'เจ้านาง', '166'),
('167', 'จ่าสำรอง', 'จ่าสำรอง', '167'),
('200', 'พลเอก', 'พล.อ.', '200'),
('201', 'ว่าที่พลเอก', 'ว่าที่ พล.อ.', '201'),
('202', 'พลโท', 'พล.ท.', '202'),
('204', 'พลตรี', 'พล.ต.', '204'),
('205', 'ว่าที่พลตรี', 'ว่าที่ พล.ต.', '205'),
('206', 'พันเอกพิเศษ', 'พ.อ.(พิเศษ)', '206'),
('207', 'ว่าที่พันเอกพิเศษ', 'ว่าที่ พ.อ.(พิเศษ)', '207'),
('208', 'พันเอก', 'พ.อ.', '208'),
('209', 'ว่าที่พันเอก', 'ว่าที่ พ.อ.', '209'),
('210', 'พันโท', 'พ.ท.', '210'),
('211', 'ว่าที่พันโท', 'ว่าที่ พ.ท.', '211'),
('212', 'พันตรี', 'พ.ต.', '212'),
('213', 'ว่าที่พันตรี', 'ว่าที่ พ.ต.', '213'),
('214', 'ร้อยเอก', 'ร.อ.', '214'),
('215', 'ว่าที่ร้อยเอก', 'ว่าที่ ร.อ.', '215'),
('216', 'ร้อยโท', 'ร.ท.', '216'),
('217', 'ว่าที่ร้อยโท', 'ว่าที่ ร.ท.', '217'),
('218', 'ร้อยตรี', 'ร.ต.', '218'),
('219', 'ว่าที่ร้อยตรี', 'ว่าที่ ร.ต.', '219'),
('220', 'จ่าสิบเอก', 'จ.ส.อ.', '220'),
('221', 'จ่าสิบโท', 'จ.ส.ท.', '221'),
('222', 'จ่าสิบตรี', 'จ.ส.ต.', '222'),
('223', 'สิบเอก', 'ส.อ.', '223'),
('224', 'สิบโท', 'ส.ท.', '224'),
('225', 'สิบตรี', 'ส.ต.', '225'),
('226', 'พลทหาร', 'พลฯ', '226'),
('227', 'นักเรียนนายร้อย', 'นนร.', '227'),
('228', 'นักเรียนนายสิบ', 'นนส.', '228'),
('229', 'พลจัตวา', 'พล.จ.', '229'),
('230', 'พลฯ อาสาสมัคร', 'พลฯ อาสา', '230'),
('231', 'ร้อยเอกหม่อมเจ้า', 'ร.อ.ม.จ.', '231'),
('232', 'พลโทหม่อมเจ้า', 'พล.ท.ม.จ.', '232'),
('233', 'ร้อยตรีหม่อมเจ้า', 'ร.ต.ม.จ.', '233'),
('234', 'ร้อยโทหม่อมเจ้า', 'ร.ท.ม.จ.', '234'),
('235', 'พันโทหม่อมเจ้า', 'พ.ท.ม.จ.', '235'),
('236', 'พันเอกหม่อมเจ้า', 'พ.อ.ม.จ.', '236'),
('237', 'พันตรีหม่อมราชวงศ์', 'พ.ต.ม.ร.ว.', '237'),
('238', 'พันโทหม่อมราชวงศ์', 'พ.ท.ม.ร.ว.', '238'),
('239', 'สิบตรีหม่อมราชวงศ์', 'ส.ต.ม.ร.ว.', '239'),
('240', 'พันเอกหม่อมราชวงศ์', 'พ.อ.ม.ร.ว.', '240'),
('241', 'จ่าสิบเอกหม่อมราชวงศ์', 'จ.ส.อ.ม.ร.ว.', '241'),
('242', 'ร้อยเอกหม่อมราชวงศ์', 'ร.อ.ม.ร.ว.', '242'),
('243', 'ร้อยตรีหม่อมราชวงศ์', 'ร.ต.ม.ร.ว.', '243'),
('244', 'สิบเอกหม่อมราชวงศ์', 'ส.อ.ม.ร.ว.', '244'),
('245', 'ร้อยโทหม่อมราชวงศ์', 'ร.ท.ม.ร.ว.', '245'),
('246', 'พันเอก(พิเศษ)หม่อมราชวงศ์', 'พ.อ.(พิเศษ)ม.ร.ว.', '246'),
('247', 'พลฯหม่อมหลวง', 'พลฯม.ล.', '247'),
('248', 'ร้อยเอกหม่อมหลวง', 'ร.อ.ม.ล.', '248'),
('249', 'สิบโทหม่อมหลวง', 'ส.ท.ม.ล.', '249'),
('250', 'พลโทหม่อมหลวง', 'พล.ท.ม.ล.', '250'),
('251', 'ร้อยโทหม่อมหลวง', 'ร.ท.ม.ล.', '251'),
('252', 'ร้อยตรีหม่อมหลวง', 'ร.ต.ม.ล.', '252'),
('253', 'สิบเอกหม่อมหลวง', 'ส.อ.ม.ล.', '253'),
('254', 'พลตรีหม่อมหลวง', 'พล.ต.ม.ล.', '254'),
('255', 'พันตรีหม่อมหลวง', 'พ.ต.ม.ล.', '255'),
('256', 'พันเอกหม่อมหลวง', 'พ.อ.ม.ล.', '256'),
('257', 'พันโทหม่อมหลวง', 'พ.ท.ม.ล.', '257'),
('258', 'จ่าสิบตรีหม่อมหลวง', 'จ.ส.ต.ม.ล.', '258'),
('259', 'นักเรียนนายร้อยหม่อมหลวง', 'นนร.ม.ล.', '259'),
('260', 'ว่าที่ร้อยตรีหม่อมหลวง', 'ว่าที่ร.ต.ม.ล.', '260'),
('261', 'จ่าสิบเอกหม่อมหลวง', 'จ.ส.อ.ม.ล.', '261'),
('262', 'ร้อยเอกนายแพทย์', 'ร.อ.น.พ.', '262'),
('263', 'ร้อยเอกแพทย์หญิง', 'ร.อ.พ.ญ.', '263'),
('264', 'ร้อยโทนายแพทย์', 'ร.ท.น.พ.', '264'),
('265', 'พันตรีนายแพทย์', 'พ.ต.น.พ.', '265'),
('266', 'ว่าที่ร้อยโทนายแพทย์', 'ว่าที่ ร.ท.น.พ.', '266'),
('267', 'พันเอกนายแพทย์', 'พ.อ.น.พ.', '267'),
('268', 'ร้อยตรีนายแพทย์', 'ร.ต.น.พ.', '268'),
('269', 'ร้อยโทแพทย์หญิง', 'ร.ท.พ.ญ.', '269'),
('270', 'พลตรีนายแพทย์', 'พล.ต.น.พ.', '270'),
('271', 'พันโทนายแพทย์', 'พ.ท.น.พ.', '271'),
('272', 'จอมพล', 'จอมพล', '272'),
('273', 'พันโทหลวง', 'พ.ท.หลวง', '273'),
('274', 'พันตรีพระเจ้าวรวงศ์เธอพระองค์เจ้า', 'พ.ต.พระเจ้าวรวงศ์เธอพระองค์เจ้า', '274'),
('275', 'ศาสตราจารย์พันเอก', 'ศ.พ.อ.', '275'),
('276', 'พันตรีหลวง', 'พ.ต.หลวง', '276'),
('277', 'พลโทหลวง', 'พล.ท.หลวง', '277'),
('280', 'สารวัตรทหาร', 'ส.ห.', '280'),
('282', 'พันตรีคุณหญิง', 'พ.ต.คุณหญิง', '282'),
('283', 'จ่าสิบตรีหม่อมราชวงศ์', 'จ.ส.ต.ม.ร.ว.', '283'),
('284', 'พลจัตวาหลวง', 'พล.จ.หลวง', '284'),
('285', 'พลตรีหม่อมราชวงศ์', 'พล.ต.ม.ร.ว.', '285'),
('286', 'พันตรีพระเจ้าวรวงศ์เธอพระองค์', 'พ.ต.พระเจ้าวรวงศ์เธอพระองค์', '286'),
('287', 'ท่านผู้หญิงหม่อมราชวงศ์', 'ท่านผู้หญิง ม.ร.ว.', '287'),
('288', 'ศาสตราจารย์ร้อยเอก', 'ศ.ร.อ.', '288'),
('289', 'พันโทคุณหญิง', 'พ.ท.คุณหญิง', '289'),
('290', 'ร้อยตรีแพทย์หญิง', 'ร.ต.พ.ญ.', '290'),
('291', 'พลเอกหม่อมหลวง', 'พล.อ.มล.', '291'),
('292', 'ว่าที่ร้อยตรีหม่อมราชวงศ์', 'ว่าที่ ร.ต.ม.ร.ว.', '292'),
('293', 'พันเอกหญิงคุณหญิง', 'พ.อ.หญิง คุณหญิง', '293'),
('294', 'จ่าสิบเอกพิเศษ', 'จ.ส.อ.พิเศษ', '294'),
('351', 'พลเรือเอก', 'พล.ร.อ.', '351'),
('352', 'ว่าที่พลเรือเอก', 'ว่าที่ พล.ร.อ.', '352'),
('353', 'พลเรือโท', 'พล.ร.ท.', '353'),
('354', 'ว่าที่พลเรือโท', 'ว่าที่ พล.ร.ท.', '354'),
('355', 'พลเรือตรี', 'พล.ร.ต.', '355'),
('356', 'ว่าที่พลเรือตรี', 'ว่าที่ พล.ร.ต.', '356'),
('357', 'นาวาเอกพิเศษ', 'น.อ.พิเศษ', '357'),
('358', 'ว่าที่นาวาเอกพิเศษ', 'ว่าที่ น.อ.พิเศษ', '358'),
('359', 'นาวาเอก', 'น.อ.', '359'),
('360', 'ว่าที่นาวาเอก', 'ว่าที่ น.อ.', '360'),
('361', 'นาวาโท', 'น.ท.', '361'),
('362', 'ว่าที่นาวาโท', 'ว่าที่ น.ท.', '362'),
('363', 'นาวาตรี', 'น.ต.', '363'),
('364', 'ว่าที่นาวาตรี', 'ว่าที่ น.ต.', '364'),
('365', 'เรือเอก', 'ร.อ.', '365'),
('366', 'ว่าที่เรือเอก', 'ว่าที่ ร.อ.', '366'),
('367', 'เรือโท', 'ร.ท.', '367'),
('368', 'ว่าที่เรือโท', 'ว่าที่ ร.ท.', '368'),
('369', 'เรือตรี', 'ร.ต.', '369'),
('370', 'ว่าที่เรือตรี', 'ว่าที่ ร.ต.', '370'),
('371', 'พันจ่าเอก', 'พ.จ.อ.', '371'),
('372', 'พันจ่าโท', 'พ.จ.ท.', '372'),
('373', 'พันจ่าตรี', 'พ.จ.ต.', '373'),
('374', 'จ่าเอก', 'จ.อ.', '374'),
('375', 'จ่าโท', 'จ.ท.', '375'),
('376', 'จ่าตรี', 'จ.ต.', '376'),
('377', 'พลฯทหารเรือ', 'พลฯ', '377'),
('378', 'นักเรียนนายเรือ', 'นนร.', '378'),
('379', 'นักเรียนจ่าทหารเรือ', 'นรจ.', '379'),
('380', 'พลเรือจัตวา', 'พล.ร.จ.', '380'),
('381', 'นาวาโทหม่อมเจ้า', 'น.ท.ม.จ.', '381'),
('382', 'นาวาเอกหม่อมเจ้า', 'น.อ.ม.จ.', '382'),
('383', 'นาวาตรีหม่อมเจ้า', 'น.ต.ม.จ.', '383'),
('384', 'พลเรือตรีหม่อมราชวงศ์', 'พล.ร.ต.ม.ร.ว.', '384'),
('385', 'นาวาเอกหม่อมราชวงศ์', 'น.อ.ม.ร.ว.', '385'),
('386', 'นาวาโทหม่อมราชวงศ์', 'น.ท.ม.ร.ว.', '386'),
('387', 'นาวาตรีหม่อมราชวงศ์', 'น.ต.ม.ร.ว.', '387'),
('388', 'นาวาโทหม่อมหลวง', 'น.ท.ม.ล.', '388'),
('389', 'นาวาตรีหม่อมหลวง', 'น.ต.ม.ล.', '389'),
('390', 'พันจ่าเอกหม่อมหลวง', 'พ.จ.อ.ม.ล.', '390'),
('391', 'นาวาตรีแพทย์หญิง', 'น.ต.พ.ญ.', '391'),
('392', 'นาวาอากาศเอกหลวง', 'น.อ.หลวง', '392'),
('393', 'พลเรือตรีหม่อมเจ้า', 'พล.ร.ต.ม.จ.', '393'),
('395', 'นาวาตรีนายแพทย์', 'น.ต.น.พ.', '395'),
('396', 'พลเรือตรีหม่อมหลวง', 'พล.ร.ต.ม.ล.', '396'),
('500', 'พลอากาศเอก', 'พล.อ.อ.', '500'),
('501', 'ว่าที่พลอากาศเอก', 'ว่าที่ พล.อ.อ.', '501'),
('502', 'พลอากาศโท', 'พล.อ.ท.', '502'),
('503', 'ว่าที่พลอากาศโท', 'ว่าที่ พล.อ.ท.', '503'),
('504', 'พลอากาศตรี', 'พล.อ.ต.', '504'),
('505', 'ว่าที่พลอากาศตรี', 'ว่าที่ พล.อ.ต.', '505'),
('506', 'นาวาอากาศเอกพิเศษ', 'น.อ.พิเศษ', '506'),
('507', 'ว่าที่นาวาอากาศเอกพิเศษ', 'ว่าที่ น.อ.พิเศษ', '507'),
('508', 'นาวาอากาศเอก', 'น.อ.', '508'),
('509', 'ว่าที่นาวาอากาศเอก', 'ว่าที่ น.อ.', '509'),
('510', 'นาวาอากาศโท', 'น.ท.', '510'),
('511', 'ว่าที่นาวาอากาศโท', 'ว่าที่ น.ท.', '511'),
('512', 'นาวาอากาศตรี', 'น.ต.', '512'),
('513', 'ว่าที่นาวาอากาศตรี', 'ว่าที่ น.ต.', '513'),
('514', 'เรืออากาศเอก', 'ร.อ.', '514'),
('515', 'ว่าที่เรืออากาศเอก', 'ว่าที่ ร.อ.', '515'),
('516', 'เรืออากาศโท', 'ร.ท.', '516'),
('517', 'ว่าที่เรืออากาศโท', 'ว่าที่ ร.ท.', '517'),
('518', 'เรืออากาศตรี', 'ร.ต.', '518'),
('519', 'ว่าที่เรืออากาศตรี', 'ว่าที่ ร.ต.', '519'),
('520', 'พันจ่าอากาศเอก', 'พ.อ.อ.', '520'),
('521', 'พันจ่าอากาศโท', 'พ.อ.ท.', '521'),
('522', 'พันจ่าอากาศตรี', 'พ.อ.ต.', '522'),
('523', 'จ่าอากาศเอก', 'จ.อ.', '523'),
('524', 'จ่าอากาศโท', 'จ.ท.', '524'),
('525', 'จ่าอากาศตรี', 'จ.ต.', '525'),
('526', 'พลฯทหารอากาศ', 'พลฯ', '526'),
('527', 'นักเรียนนายเรืออากาศ', 'นนอ.', '527'),
('528', 'นักเรียนจ่าอากาศ', 'นจอ.', '528'),
('529', 'นักเรียนพยาบาลทหารอากาศ', 'น.พ.อ.', '529'),
('530', 'พันอากาศเอกหม่อมราชวงศ์', 'พ.อ.อ.ม.ร.ว.', '530'),
('531', 'พลอากาศตรีหม่อมราชวงศ์', 'พล.อ.ต.ม.ร.ว.', '531'),
('532', 'พลอากาศโทหม่อมหลวง', 'พล.อ.ท.ม.ล.', '532'),
('533', 'เรืออากาศโทขุน', 'ร.ท.ขุน', '533'),
('534', 'พันจ่าอากาศเอกหม่อมหลวง', 'พ.อ.อ.ม.ล.', '534'),
('535', 'เรืออากาศเอกนายแพทย์', 'ร.อ.น.พ.', '535'),
('536', 'พลอากาศเอกหม่อมราชวงศ์', 'พล.อ.อ.ม.ร.ว.', '536'),
('537', 'พลอากาศตรีหม่อมหลวง', 'พล.อ.ต.ม.ล.', '537'),
('538', 'พลอากาศจัตวา', 'พล.อ.จ.', '538'),
('539', 'พลอากาศโทหม่อมราชวงศ์', 'พล.อ.ท.ม.ร.ว.', '539'),
('540', 'นาวาอากาศเอกหม่อมหลวง', 'น.อ.ม.ล.', '540'),
('606', 'พระครูพิบูลสมณธรรม', 'พระครูพิบูลสมณธรรม', '606'),
('651', 'พลตำรวจเอก', 'พล.ต.อ.', '651'),
('652', 'ว่าที่พลตำรวจเอก', 'ว่าที่ พล.ต.อ.', '652'),
('653', 'พลตำรวจโท', 'พล.ต.ท.', '653'),
('654', 'ว่าที่พลตำรวจโท', 'ว่าที่ พล.ต.ท.', '654'),
('655', 'พลตำรวจตรี', 'พล.ต.ต.', '655'),
('656', 'ว่าที่พลตำรวจตรี', 'ว่าที่ พล.ต.ต.', '656'),
('657', 'พลตำรวจจัตวา', 'พล.ต.จ.', '657'),
('658', 'ว่าที่พลตำรวจจัตวา', 'ว่าที่พล.ต.จ.', '658'),
('659', 'พันตำรวจเอก (พิเศษ)', 'พ.ต.อ. (พิเศษ)', '659'),
('660', 'ว่าที่พันตำรวจเอก(พิเศษ)', 'ว่าที่ พ.ต.อ.พิเศษ', '660'),
('661', 'พันตำรวจเอก', 'พ.ต.อ.', '661'),
('662', 'ว่าที่พันตำรวจเอก', 'ว่าที่ พ.ต.อ.', '662'),
('663', 'พันตำรวจโท', 'พ.ต.ท.', '663'),
('664', 'ว่าที่พันตำรวจโท', 'ว่าที่ พ.ต.ท.', '664'),
('665', 'พันตำรวจตรี', 'พ.ต.ต.', '665'),
('666', 'ว่าที่พันตำรวจตรี', 'ว่าที่ พ.ต.ต.', '666'),
('667', 'ร้อยตำรวจเอก', 'ร.ต.อ.', '667'),
('668', 'ว่าที่ร้อยตำรวจเอก', 'ว่าที่ ร.ต.อ.', '668'),
('669', 'ร้อยตำรวจโท', 'ร.ต.ท.', '669'),
('670', 'ว่าที่ร้อยตำรวจโท', 'ว่าที่ ร.ต.ท.', '670'),
('671', 'ร้อยตำรวจตรี', 'ร.ต.ต.', '671'),
('672', 'ว่าที่ร้อยตำรวจตรี', 'ว่าที่ ร.ต.ต.', '672'),
('673', 'นายดาบตำรวจ', 'ด.ต.', '673'),
('674', 'จ่าสิบตำรวจ', 'จ.ส.ต.', '674'),
('675', 'สิบตำรวจเอก', 'ส.ต.อ.', '675'),
('676', 'สิบตำรวจโท', 'ส.ต.ท.', '676'),
('677', 'สิบตำรวจตรี', 'ส.ต.ต.', '677'),
('678', 'นักเรียนนายร้อยตำรวจ', 'นรต.', '678'),
('679', 'นักเรียนนายสิบตำรวจ', 'นสต.', '679'),
('680', 'นักเรียนพลตำรวจ', 'นพต.', '680'),
('681', 'พลตำรวจ', 'พลฯ', '681'),
('682', 'พลตำรวจพิเศษ', 'พลฯพิเศษ', '682'),
('683', 'พลตำรวจอาสาสมัคร', 'พลฯอาสา', '683'),
('684', 'พลตำรวจสำรอง', 'พลฯสำรอง', '684'),
('685', 'พลตำรวจสำรองพิเศษ', 'พลฯสำรองพิเศษ', '685'),
('686', 'พลตำรวจสมัคร', 'พลฯสมัคร', '686'),
('687', 'สมาชิกอาสารักษาดินแดน', 'อส.', '687'),
('688', 'นายกองใหญ่', 'ก.ญ.', '688'),
('689', 'นายกองเอก', 'ก.อ.', '689'),
('690', 'นายกองโท', 'ก.ท.', '690'),
('691', 'นายกองตรี', 'ก.ต.', '691'),
('692', 'นายหมวดเอก', 'มว.อ.', '692'),
('693', 'นายหมวดโท', 'มว.ท.', '693'),
('694', 'นายหมวดตรี', 'มว.ต.', '694'),
('695', 'นายหมู่ใหญ่', 'ม.ญ.', '695'),
('696', 'นายหมู่เอก', 'ม.อ.', '696'),
('697', 'นายหมู่โท', 'ม.ท.', '697'),
('698', 'นายหมู่ตรี', 'ม.ต.', '698'),
('699', 'สมาชิกเอก', 'สมาชิกเอก', '699'),
('700', 'สมาชิกโท', 'สมาชิกโท', '700'),
('701', 'สมาชิกตรี', 'สมาชิกตรี', '701'),
('702', 'อาสาสมัครทหารพราน', 'อส.ทพ.', '702'),
('703', 'พันตำรวจโทหม่อมเจ้า', 'พ.ต.ท.ม.จ.', '703'),
('704', 'พันตำรวจเอกหม่อมเจ้า', 'พ.ต.อ.ม.จ.', '704'),
('705', 'นักเรียนนายร้อยตำรวจหม่อมเจ้า', 'นรต.ม.จ.', '705'),
('706', 'พลตำรวจตรีหม่อมราชวงศ์', 'พล.ต.ต.ม.ร.ว.', '706'),
('707', 'พันตำรวจตรีหม่อมราชวงศ์', 'พ.ต.ต.ม.ร.ว.', '707'),
('708', 'พันตำรวจโทหม่อมราชวงศ์', 'พ.ต.ท.ม.ร.ว.', '708'),
('709', 'พันตำรวจเอกหม่อมราชวงศ์', 'พ.ต.อ.ม.ร.ว.', '709'),
('710', 'ร้อยตำรวจเอกหม่อมราชวงศ์', 'ร.ต.อ.ม.ร.ว.', '710'),
('711', 'สิบตำรวจเอกหม่อมหลวง', 'ส.ต.อ.ม.ล.', '711'),
('712', 'พันตำรวจเอกหม่อมหลวง', 'พ.ต.อ.ม.ล.', '712'),
('713', 'พันตำรวจโทหม่อมหลวง', 'พ.ต.ท.ม.ล.', '713'),
('714', 'นักเรียนนายร้อยตำรวจหม่อมหลวง', 'นรต.ม.ล.', '714'),
('715', 'ร้อยตำรวจโทหม่อมหลวง', 'ร.ต.ท.ม.ล.', '715'),
('716', 'นายดาบตำรวจหม่อมหลวง', 'ด.ต.ม.ล.', '716'),
('717', 'พันตำรวจตรีหม่อมหลวง', 'พ.ต.ต.ม.ล.', '717'),
('718', 'ศาสตราจารย์นายแพทย์พันตำรวจเอก', 'ศ.น.พ.พ.ต.อ.', '718'),
('719', 'พันตำรวจโทนายแพทย์', 'พ.ต.ท.น.พ.', '719'),
('720', 'ร้อยตำรวจโทนายแพทย์', 'ร.ต.ท.น.พ.', '720'),
('721', 'ร้อยตำรวจเอกนายแพทย์', 'ร.ต.อ.น.พ.', '721'),
('722', 'พันตำรวจตรีนายแพทย์', 'พ.ต.ต.นพ.', '722'),
('723', 'พันตำรวจเอกนายแพทย์', 'พ.ต.อ.น.พ.', '723'),
('724', 'พันตำรวจตรีหลวง', 'พ.ต.ต.หลวง', '724'),
('727', 'ร้อยตำรวจเอกหม่อมหลวง', 'ร.ต.อ.ม.ล.', '727'),
('729', 'พันตำรวจเอกหญิง ท่านผู้หญิง', 'พ.ต.อ.หญิง ท่านผู้หญิง', '729'),
('730', 'พลตำรวจตรีหม่อมหลวง', 'พล.ต.ต.ม.ล.', '730'),
('731', 'พลตรีหญิง คุณหญิง', 'พล.ต.หญิง คุณหญิง', '731'),
('732', 'ว่าที่สิบเอก', 'ว่าที่ ส.อ.', '732'),
('800', 'สมเด็จพระสังฆราชเจ้า', 'สมเด็จพระสังฆราชเจ้า', '800'),
('801', 'สมเด็จพระสังฆราช', 'สมเด็จพระสังฆราช', '801'),
('802', 'สมเด็จพระราชาคณะ', 'สมเด็จพระราชาคณะ', '802'),
('803', 'รองสมเด็จพระราชาคณะ', 'รองสมเด็จพระราชาคณะ', '803'),
('804', 'พระราชาคณะ', 'พระราชาคณะ', '804'),
('805', 'พระเปรียญธรรม', 'พระเปรียญธรรม', '805'),
('806', 'พระหิรัญยบัฏ', 'พระหิรัญยบัฏ', '806'),
('807', 'พระสัญญาบัตร', 'พระสัญญาบัตร', '807'),
('808', 'พระราช', 'พระราช', '808'),
('809', 'พระเทพ', 'พระเทพ', '809'),
('810', 'พระปลัดขวา', 'พระปลัดขวา', '810'),
('811', 'พระปลัดซ้าย', 'พระปลัดซ้าย', '811'),
('812', 'พระครูปลัด', 'พระครูปลัด', '812'),
('813', 'พระครูปลัดสุวัฒนญาณคุณ', 'พระครูปลัดสุวัฒนญาณคุณ', '813'),
('814', 'พระครูปลัดอาจารย์วัฒน์', 'พระครูปลัดอาจารย์วัฒน์', '814'),
('815', 'พระครูวิมลสิริวัฒน์', 'พระครูปลัดวิมลสิริวัฒน์', '815'),
('816', 'พระสมุห์', 'พระสมุห์', '816'),
('817', 'พระครูสมุห์', 'พระครูสมุห์', '817'),
('818', 'พระครู', 'พระครู', '818'),
('819', 'พระครูใบฎีกา', 'พระครูใบฎีกา', '819'),
('820', 'พระครูธรรมธร', 'พระครูธรรมธร', '820'),
('821', 'พระครูวิมลภาณ', 'พระครูวิมลภาณ', '821'),
('822', 'พระครูศัพทมงคล', 'พระครูศัพทมงคล', '822'),
('823', 'พระครูสังฆภารวิชัย', 'พระครูสังฆภารวิชัย', '823'),
('824', 'พระครูสังฆรักษ์', 'พระครูสังฆรักษ์', '824'),
('825', 'พระครูสังฆวิชัย', 'พระครูสังฆวิชัย', '825'),
('826', 'พระครูสังฆวิชิต', 'พระครูสังฆวิชิต', '826'),
('827', 'พระปิฎก', 'พระปิฎก', '827'),
('828', 'พระปริยัติ', 'พระปริยัติ', '828'),
('829', 'เจ้าอธิการ', 'เจ้าอธิการ', '829'),
('830', 'พระอธิการ', 'พระอธิการ', '830'),
('831', 'พระ', 'พระ', '831'),
('832', 'สามเณร', 'ส.ณ.', '832'),
('833', 'พระปลัด', 'พระปลัด', '833'),
('834', 'สมเด็จพระอริยวงศาคตญาณ', 'สมเด็จพระอริยวงศาคตญาณ', '834'),
('835', 'พระคาร์ดินัล', 'พระคาร์ดินัล', '835'),
('836', 'พระสังฆราช', 'พระสังฆราช', '836'),
('837', 'พระคุณเจ้า', 'พระคุณเจ้า', '837'),
('838', 'บาทหลวง', 'บาทหลวง', '838'),
('839', 'พระมหา', 'พระมหา', '839'),
('840', 'พระราชปัญญา', 'พระราชปัญญา', '840'),
('841', 'ภาราดา', 'ภาราดา', '841'),
('842', 'พระศรีปริยัติธาดา', 'พระศรีปริยัติธาดา', '842'),
('843', 'พระญาณโศภณ', 'พระญาณโศภณ', '843'),
('844', 'สมเด็จพระมหาวีรวงศ์', 'สมเด็จพระมหาวีรวงศ์', '844'),
('845', 'พระโสภณธรรมาภรณ์', 'พระโสภณธรรมาภรณ์', '845'),
('846', 'พระวิริวัฒน์วิสุทธิ์', 'พระวิริวัฒน์วิสุทธิ์', '846'),
('847', 'พระญาณ', 'พระญาณ', '847'),
('848', 'พระอัครสังฆราช', 'พระอัครสังฆราช', '848'),
('849', 'พระธรรม', 'พระธรรม', '849'),
('850', 'พระสาสนโสภณ', 'พระสาสนโสภณ', '850'),
('851', 'พระธรรมโสภณ', 'พระธรรมโสภณ', '851'),
('852', 'พระอุดมสารโสภณ', 'พระอุดมสารโสภณ', '852'),
('853', 'พระครูวิมลญาณโสภณ', 'พระครูวิมลญาณโสภณ', '853'),
('854', 'พระครูปัญญาภรณโสภณ', 'พระครูปัญญาภรณโสภณ', '854'),
('855', 'พระครูโสภณปริยัติคุณ', 'พระครูโสภณปริยัติคุณ', '855'),
('856', 'พระอธิธรรม', 'พระอธิธรรม', '856'),
('857', 'พระราชญาณ', 'พระราชญาณ', '857'),
('858', 'พระสุธีวัชโรดม', 'พระสุธีวัชโรดม', '858'),
('859', 'รองเจ้าอธิการ', 'รองเจ้าอธิการ', '859'),
('860', 'พระครูวินัยธร', 'พระครูวินัยธร', '860'),
('861', 'พระศรีวชิราภรณ์', 'พระศรีวชิราภรณ์', '861'),
('862', 'พระราชบัณฑิต', 'พระราชบัณฑิต', '862'),
('863', 'แม่ชี', 'แม่ชี', '863'),
('864', 'นักบวช', 'นักบวช', '864'),
('865', 'พระรัตน', 'พระรัตน', '865'),
('866', 'พระโสภณปริยัติธรรม', 'พระโสภณปริยัติธรรม', '866'),
('867', 'พระครูวิศาลปัญญาคุณ', 'พระครูวิศาลปัญญาคุณ', '867'),
('868', 'พระศรีปริยัติโมลี', 'พระศรีปริยัติโมลี', '868'),
('869', 'พระครูวัชรสีลาภรณ์', 'พระครูวัชรสีลาภรณ์', '869'),
('870', 'พระครูพิพัฒน์บรรณกิจ', 'พระครูพิพัฒน์บรรณกิจ', '870'),
('871', 'พระครูวิบูลธรรมกิจ', 'พระครูวิบูลธรรมกิจ', '871'),
('872', 'พระครูพัฒนสารคุณ', 'พระครูพัฒนสารคุณ', '872'),
('873', 'พระครูสุวรรณพัฒนคุณ', 'พระครูสุวรรณพัฒนคุณ', '873'),
('874', 'พระครูพรหมวีรสุนทร', 'พระครูพรหมวีรสุนทร', '874'),
('875', 'พระครูอุปถัมภ์นันทกิจ', 'พระครูอุปถัมภ์นันทกิจ', '875'),
('876', 'พระครูวิจารณ์สังฆกิจ', 'พระครูวิจารณ์สังฆกิจ', '876'),
('877', 'พระครูวิมลสารวิสุทธิ์', 'พระครูวิมลสารวิสุทธิ์', '877'),
('878', 'พระครูไพศาลศุภกิจ', 'พระครูไพศาลศุภกิจ', '878'),
('879', 'พระครูโอภาสธรรมพิมล', 'พระครูโอภาสธรรมพิมล', '879'),
('880', 'พระครูพิพิธวรคุณ', 'พระครูพิพิธวรคุณ', '880'),
('881', 'พระครูสุนทรปภากร', 'พระครูสุนทรปภากร', '881'),
('882', 'พระครูสิริชัยสถิต', 'พระครูสิริชัยสถิต', '882'),
('883', 'พระครูเกษมธรรมานันท์', 'พระครูเกษมธรรมานันท์', '883'),
('884', 'พระครูถาวรสันติคุณ', 'พระครูถาวรสันติคุณ', '884'),
('885', 'พระครูวิสุทธาจารวิมล', 'พระครูวิสุทธาจารวิมล', '885'),
('886', 'พระครูปภัสสราธิคุณ', 'พระครูปภัสสราธิคุณ', '886'),
('887', 'พระครูวรสังฆกิจ', 'พระครูวรสังฆกิจ', '887'),
('888', 'พระครูไพบูลชัยสิทธิ์', 'พระครูไพบูลชัยสิทธิ์', '888'),
('889', 'พระครูโกวิทธรรมโสภณ', 'พระครูโกวิทธรรมโสภณ', '889'),
('890', 'พระครูสุพจน์วราภรณ์', 'พระครูสุพจน์วราภรณ์', '890'),
('891', 'พระครูไพโรจน์อริญชัย', 'พระครูไพโรจน์อริญชัย', '891'),
('892', 'พระครูสุนทรคณาภิรักษ์', 'พระครูสุนทรคณาภิรักษ์', '892'),
('893', 'พระสรภาณโกศล', 'พระสรภาณโกศล', '893'),
('894', 'พระครูประโชติธรรมรัตน์', 'พระครูประโชติธรรมรัตน์', '894'),
('895', 'พระครูจารุธรรมกิตติ์', 'พระครูจารุธรรมกิตติ์', '895'),
('896', 'พระครูพิทักษ์พรหมรังษี', 'พระครูพิทักษ์พรหมรังษี', '896'),
('897', 'พระศรีปริยัติบัณฑิต', 'พระศรีปริยัติบัณฑิต', '897'),
('898', 'พระครูพุทธิธรรมานุศาสน์', 'พระครูพุทธิธรรมานุศาสน์', '898'),
('899', 'พระธรรมเมธาจารย์', 'พระธรรมเมธาจารย์', '899'),
('900', 'พระครูกิตติกาญจนวงศ์', 'พระครูกิตติกาญจนวงศ์', '900'),
('901', 'พระครูปลัดสัมพิพัฒนวิริยาจารย์', 'พระครูปลัดสัมพิพัฒนวิริยาจารย์', '901'),
('902', 'พระครูศีลกันตาภรณ์', 'พระครูศีลกันตาภรณ์', '902'),
('903', 'พระครูประกาศพุทธพากย์', 'พระครูประกาศพุทธพากย์', '903'),
('904', 'พระครูอมรวิสุทธิคุณ', 'พระครูอมรวิสุทธิคุณ', '904'),
('905', 'พระครูสุทัศน์ธรรมาภิรม', 'พระครูสุทัศน์ธรรมาภิรม', '905'),
('906', 'พระครูอุปถัมภ์วชิโรภาส', 'พระครูอุปถัมภ์วชิโรภาส', '906'),
('907', 'พระครูสุนทรสมณคุณ', 'พระครูสุนทรสมณคุณ', '907'),
('908', 'พระพรหมมุนี', 'พระพรหมมุนี', '908'),
('909', 'พระครูสิริคุณารักษ์', 'พระครูสิริคุณารักษ์', '909'),
('910', 'พระครูวิชิตพัฒนคุณ', 'พระครูวิชิตพัฒนคุณ', '910'),
('911', 'พระครูพิบูลโชติธรรม', 'พระครูพิบูลโชติธรรม', '911'),
('912', 'พระพิศาลสารคุณ', 'พระพิศาลสารคุณ', '912'),
('913', 'พระรัตนมงคลวิสุทธ์', 'พระรัตนมงคลวิสุทธ์', '913'),
('914', 'พระครูโสภณคุณานุกูล', 'พระครูโสภณคุณานุกูล', '914'),
('915', 'พระครูผาสุกวิหารการ', 'พระครูผาสุกวิหารการ', '915'),
('916', 'พระครูวชิรวุฒิกร', 'พระครูวชิรวุฒิกร', '916'),
('917', 'พระครูกาญจนยติกิจ', 'พระครูกาญจนยติกิจ', '917'),
('918', 'พระครูบวรรัตนวงศ์', 'พระครูบวรรัตนวงศ์', '918'),
('919', 'พระราชพัชราภรณ์', 'พระราชพัชราภรณ์', '919'),
('920', 'พระครูพิพิธอุดมคุณ', 'พระครูพิพิธอุดมคุณ', '920'),
('921', 'องสุตบทบวร', 'องสุตบทบวร', '921'),
('922', 'พระครูจันทเขมคุณ', 'พระครูจันทเขมคุณ', '922'),
('923', 'พระครูศีลสารวิสุทธิ์', 'พระครูศีลสารวิสุทธิ์', '923'),
('924', 'พระครูสุธรรมโสภิต', 'พระครูสุธรรมโสภิต', '924'),
('925', 'พระครูอุเทศธรรมนิวิฐ', 'พระครูอุเทศธรรมนิวิฐ', '925'),
('926', 'พระครูบรรณวัตร', 'พระครูบรรณวัตร', '926'),
('927', 'พระครูวิสุทธาจาร', 'พระครูวิสุทธาจาร', '927'),
('928', 'พระครูสุนทรวรวัฒน์', 'พระครูสุนทรวรวัฒน์', '928'),
('929', 'พระเทพชลธารมุนี ศรีชลบุราจารย์', 'พระเทพชลธารมุนี ศรีชลบุราจารย์', '929'),
('930', 'พระครูโสภณสมุทรคุณ', 'พระครูโสภณสมุทรคุณ', '930'),
('931', 'พระราชเมธาภรณ์', 'พระราชเมธาภรณ์', '931'),
('932', 'พระครูศรัทธาธรรมโสภณ', 'พระครูศรัทธาธรรมโสภณ', '932'),
('933', 'พระครูสังฆบริรักษ์', 'พระครูสังฆบริรักษ์', '933'),
('934', 'พระมหานายก', 'พระมหานายก', '934'),
('935', 'พระครูโอภาสสมาจาร', 'พระครูโอภาสสมาจาร', '935'),
('936', 'พระครูศรีธวัชคุณาภรณ์', 'พระครูศรีธวัชคุณาภรณ์', '936'),
('937', 'พระครูโสภิตวัชรกิจ', 'พระครูโสภิตวัชรกิจ', '937'),
('938', 'พระราชวชิราภรณ์', 'พระราชวชิราภรณ์', '938'),
('939', 'พระครูสุนทรวรธัช', 'พระครูสุนทรวรธัช', '939'),
('940', 'พระครูอาทรโพธิกิจ', 'พระครูอาทรโพธิกิจ', '940'),
('941', 'พระครูวิบูลกาญจนกิจ', 'พระครูวิบูลกาญจนกิจ', '941'),
('942', 'พระพรหมวชิรญาณ', 'พระพรหมวชิรญาณ', '942'),
('943', 'พระครูสุพจน์วรคุณ', 'พระครูสุพจน์วรคุณ', '943'),
('944', 'พระราชาวิมลโมลี', 'พระราชวิมลโมลี', '944'),
('945', 'พระครูอมรธรรมนายก', 'พระครูอมรธรรมนายก', '945'),
('946', 'พระครูพิศิษฎ์ศาสนการ', 'พระครูพิศิษฎ์ศาสนการ', '946'),
('947', 'พระครูเมธีธรรมานุยุต', 'พระครูเมธีธรรมานุยุต', '947'),
('948', 'พระครูปิยสีลสาร', 'พระครูปิยสีลสาร', '948'),
('949', 'พระครูสถิตบุญวัฒน์', 'พระครูสถิตบุญวัฒน์', '949'),
('950', 'พระครูนิเทศปิยธรรม', 'พระครูนิเทศปิยธรรม', '950'),
('951', 'พระครูวิสุทธิ์กิจจานุกูล', 'พระครูวิสุทธิ์กิจจานุกูล', '951'),
('952', 'พระครูสถิตย์บุญวัฒน์', 'พระครูสถิตย์บุญวัฒน์', '952'),
('953', 'พระครูประโชติธรรมานุกูล', 'พระครูประโชติธรรมานุกูล', '953'),
('954', 'พระเทพญาณกวี', 'พระเทพญาณกวี', '954'),
('955', 'พระครูพิพัฒน์ชินวงศ์', 'พระครูพิพัฒน์ชินวงศ์', '955'),
('956', 'พระครูสมุทรขันตยาภรณ์', 'พระครูสมุทรขันตยาภรณ์', '956'),
('957', 'พระครูภาวนาวรกิจ', 'พระครูภาวนาวรกิจ', '957'),
('958', 'พระครูศรีศาสนคุณ', 'พระครูศรีศาสนคุณ', '958'),
('959', 'พระครูวิบูลย์ธรรมศาสก์', 'พระครูวิบูลย์ธรรมศาสก์', '959');

-- --------------------------------------------------------

--
-- โครงสร้างตาราง `round`
--

CREATE TABLE IF NOT EXISTS `round` (
  `round_id` int(11) NOT NULL AUTO_INCREMENT,
  `round_name` varchar(100) COLLATE utf8_unicode_ci NOT NULL,
  PRIMARY KEY (`round_id`)
) ENGINE=MyISAM  DEFAULT CHARSET=utf8 COLLATE=utf8_unicode_ci AUTO_INCREMENT=17 ;

--
-- dump ตาราง `round`
--

INSERT INTO `round` (`round_id`, `round_name`) VALUES
(1, 'รอบแบ่งกลุ่ม'),
(2, 'รอบแบบพบกันหมด'),
(3, 'รอบ 32 ทีมสุดท้าย'),
(4, 'รอบ 16 ทีมสุดท้าย'),
(5, 'รอบ 8 ทีมสุดท้าย'),
(6, 'รอบ รองชนะเลิศ'),
(7, 'รอบชิงชนะเลิศ'),
(8, 'รอบชิงรองชนะเลิศอันดับที่ 2'),
(9, 'รอบคัดเลือก'),
(10, 'รอบแพ้ตกรอบ'),
(11, 'รอบเพลออฟ'),
(12, 'ที่ 3 ร่วม'),
(13, 'ชนะเลิศ'),
(14, 'ชิงอันดับ 3'),
(15, 'การแข่งขัน'),
(16, 'รอบแรก');

-- --------------------------------------------------------

--
-- โครงสร้างตาราง `score_all`
--

CREATE TABLE IF NOT EXISTS `score_all` (
  `score_all_id` int(11) NOT NULL AUTO_INCREMENT,
  `sport_type_id` int(11) NOT NULL,
  `faculty_id1` int(11) NOT NULL,
  `faculty_id2` int(11) NOT NULL,
  `faculty_id3` int(11) NOT NULL,
  `score1` varchar(200) NOT NULL,
  `score2` varchar(200) NOT NULL,
  `score3` varchar(200) NOT NULL,
  `times` time NOT NULL,
  `date` date NOT NULL,
  `round_id` int(11) NOT NULL,
  `sex` varchar(50) NOT NULL,
  PRIMARY KEY (`score_all_id`)
) ENGINE=MyISAM DEFAULT CHARSET=utf8 AUTO_INCREMENT=1 ;

-- --------------------------------------------------------

--
-- โครงสร้างตาราง `score_all_bk`
--

CREATE TABLE IF NOT EXISTS `score_all_bk` (
  `score_all_id` int(11) NOT NULL AUTO_INCREMENT,
  `sport_type_id` int(11) NOT NULL,
  `faculty_id1` int(11) NOT NULL,
  `faculty_id2` int(11) NOT NULL,
  `faculty_id3` int(11) NOT NULL,
  `score1` varchar(200) NOT NULL,
  `score2` varchar(200) NOT NULL,
  `score3` varchar(200) NOT NULL,
  `times` time NOT NULL,
  `date` date NOT NULL,
  `round_id` int(11) NOT NULL,
  `sex` varchar(50) NOT NULL,
  PRIMARY KEY (`score_all_id`)
) ENGINE=MyISAM  DEFAULT CHARSET=utf8 AUTO_INCREMENT=36 ;

--
-- dump ตาราง `score_all_bk`
--

INSERT INTO `score_all_bk` (`score_all_id`, `sport_type_id`, `faculty_id1`, `faculty_id2`, `faculty_id3`, `score1`, `score2`, `score3`, `times`, `date`, `round_id`, `sex`) VALUES
(1, 25, 0, 0, 0, '', '', '', '08:00:00', '2023-02-08', 7, 'ชาย'),
(2, 31, 0, 0, 0, '', '', '', '08:00:00', '2023-02-08', 7, 'หญิง'),
(3, 34, 0, 0, 0, '', '', '', '08:00:00', '2023-02-08', 7, 'ชาย'),
(4, 20, 0, 0, 0, '', '', '', '08:30:00', '2023-02-08', 9, 'หญิง'),
(5, 20, 0, 0, 0, '', '', '', '08:40:00', '2023-02-08', 9, 'ชาย'),
(6, 22, 0, 0, 0, '', '', '', '08:50:00', '2023-02-08', 9, 'หญิง'),
(7, 22, 0, 0, 0, '', '', '', '09:10:00', '2023-02-08', 9, 'ชาย'),
(8, 29, 0, 0, 0, '', '', '', '09:30:00', '2023-02-08', 7, 'หญิง'),
(9, 35, 0, 0, 0, '', '', '', '09:30:00', '2023-02-08', 7, 'หญิง'),
(10, 31, 0, 0, 0, '', '', '', '09:30:00', '2023-02-08', 7, 'ชาย'),
(11, 29, 0, 0, 0, '', '', '', '09:50:00', '2023-02-08', 7, 'ชาย'),
(12, 20, 0, 0, 0, '', '', '', '13:30:00', '2023-02-08', 7, 'หญิง'),
(13, 34, 0, 0, 0, '', '', '', '13:30:00', '2023-02-08', 7, 'หญิง'),
(14, 35, 0, 0, 0, '', '', '', '13:30:00', '2023-02-08', 7, 'ชาย'),
(15, 20, 0, 0, 0, '', '', '', '13:40:00', '2023-02-08', 7, 'ชาย'),
(16, 22, 0, 0, 0, '', '', '', '13:50:00', '2023-02-08', 7, 'หญิง'),
(17, 22, 0, 0, 0, '', '', '', '14:10:00', '2023-02-08', 7, 'ชาย'),
(18, 27, 0, 0, 0, '', '', '', '14:30:00', '2023-02-08', 7, 'หญิง'),
(19, 27, 0, 0, 0, '', '', '', '14:40:00', '2023-02-08', 7, 'ชาย'),
(20, 24, 0, 0, 0, '', '', '', '08:00:00', '2023-02-09', 7, 'ชาย'),
(21, 32, 0, 0, 0, '', '', '', '08:00:00', '2023-02-09', 7, 'หญิง'),
(22, 33, 0, 0, 0, '', '', '', '08:00:00', '2023-02-09', 7, 'ชาย'),
(23, 21, 0, 0, 0, '', '', '', '08:30:00', '2023-02-09', 9, 'หญิง'),
(24, 21, 0, 0, 0, '', '', '', '08:45:00', '2023-02-09', 9, 'ชาย'),
(25, 23, 0, 0, 0, '', '', '', '09:00:00', '2023-02-09', 9, 'หญิง'),
(26, 23, 0, 0, 0, '', '', '', '09:15:00', '2023-02-09', 9, 'ชาย'),
(27, 30, 0, 0, 0, '', '', '', '09:30:00', '2023-02-09', 7, 'คู่ผสม'),
(28, 32, 0, 0, 0, '', '', '', '09:30:00', '2023-02-09', 7, 'ชาย'),
(29, 33, 0, 0, 0, '', '', '', '09:30:00', '2023-02-09', 7, 'หญิง'),
(30, 21, 0, 0, 0, '', '', '', '13:30:00', '2023-02-09', 7, 'หญิง'),
(31, 21, 0, 0, 0, '', '', '', '13:40:00', '2023-02-09', 7, 'ชาย'),
(32, 23, 0, 0, 0, '', '', '', '13:50:00', '2023-02-09', 7, 'หญิง'),
(33, 23, 0, 0, 0, '', '', '', '14:00:00', '2023-02-09', 7, 'ชาย'),
(34, 28, 0, 0, 0, '', '', '', '14:15:00', '2023-02-09', 7, 'หญิง'),
(35, 28, 0, 0, 0, '', '', '', '14:30:00', '2023-02-09', 7, 'ชาย');

-- --------------------------------------------------------

--
-- โครงสร้างตาราง `score_vs`
--

CREATE TABLE IF NOT EXISTS `score_vs` (
  `score_vs_id` int(11) NOT NULL AUTO_INCREMENT,
  `sport_type_id` int(11) NOT NULL,
  `faculty_id1` int(11) NOT NULL,
  `temporary1` varchar(500) COLLATE utf8_unicode_ci NOT NULL,
  `faculty_id2` int(11) NOT NULL,
  `temporary2` varchar(500) COLLATE utf8_unicode_ci NOT NULL,
  `score1` int(11) NOT NULL,
  `score2` int(11) NOT NULL,
  `times` time NOT NULL,
  `date` date NOT NULL,
  `round_id` int(11) NOT NULL,
  `line_id` int(11) NOT NULL,
  `sex` varchar(50) COLLATE utf8_unicode_ci NOT NULL,
  PRIMARY KEY (`score_vs_id`),
  KEY `sport_type_id` (`sport_type_id`),
  KEY `faculty_id1` (`faculty_id1`),
  KEY `faculty_id2` (`faculty_id2`),
  KEY `round_id` (`round_id`)
) ENGINE=MyISAM DEFAULT CHARSET=utf8 COLLATE=utf8_unicode_ci AUTO_INCREMENT=1 ;

-- --------------------------------------------------------

--
-- โครงสร้างตาราง `score_vs2`
--

CREATE TABLE IF NOT EXISTS `score_vs2` (
  `score_vs_id` int(11) NOT NULL AUTO_INCREMENT,
  `sport_type_id` int(11) NOT NULL,
  `faculty_id1` int(11) NOT NULL,
  `temporary1` varchar(500) COLLATE utf8_unicode_ci NOT NULL,
  `faculty_id2` int(11) NOT NULL,
  `temporary2` varchar(500) COLLATE utf8_unicode_ci NOT NULL,
  `score1` varchar(11) COLLATE utf8_unicode_ci NOT NULL,
  `score2` varchar(11) COLLATE utf8_unicode_ci NOT NULL,
  `times` time NOT NULL,
  `date` date NOT NULL,
  `round_id` int(11) NOT NULL,
  `line_id` int(11) NOT NULL,
  `sex` varchar(50) COLLATE utf8_unicode_ci NOT NULL,
  PRIMARY KEY (`score_vs_id`),
  KEY `sport_type_id` (`sport_type_id`),
  KEY `faculty_id1` (`faculty_id1`),
  KEY `faculty_id2` (`faculty_id2`),
  KEY `round_id` (`round_id`)
) ENGINE=MyISAM DEFAULT CHARSET=utf8 COLLATE=utf8_unicode_ci AUTO_INCREMENT=1 ;

-- --------------------------------------------------------

--
-- โครงสร้างตาราง `sports_category`
--

CREATE TABLE IF NOT EXISTS `sports_category` (
  `id_Sports_category` int(11) NOT NULL AUTO_INCREMENT,
  `name_Sports_category` varchar(100) COLLATE utf8_bin NOT NULL,
  `id_Sport_type` int(11) NOT NULL,
  `playerM` int(11) NOT NULL,
  `playerF` int(11) NOT NULL,
  `st` int(11) NOT NULL,
  `unit` int(11) NOT NULL,
  `status` int(11) NOT NULL,
  PRIMARY KEY (`id_Sports_category`)
) ENGINE=InnoDB  DEFAULT CHARSET=utf8 COLLATE=utf8_bin AUTO_INCREMENT=71 ;

--
-- dump ตาราง `sports_category`
--

INSERT INTO `sports_category` (`id_Sports_category`, `name_Sports_category`, `id_Sport_type`, `playerM`, `playerF`, `st`, `unit`, `status`) VALUES
(1, 'ฟุตบอล-ประเภททีม', 1, 25, 0, 0, 2, 1),
(2, 'บาสเกตบอล-ประเภททีม', 2, 15, 15, 0, 3, 1),
(3, 'วอลเลย์บอล-ประเภททีม', 3, 15, 15, 0, 1, 1),
(4, 'ว่ายน้ำ-ฟรีสไตล์ 50 เมตร', 4, 2, 2, 0, 4, 2),
(5, 'ว่ายน้ำ-ฟรีสไตล์ 100 เมตร', 4, 2, 2, 0, 4, 2),
(6, 'ว่ายน้ำ-ฟรีสไตล์ 200 เมตร', 4, 2, 2, 0, 4, 2),
(7, 'ว่ายน้ำ-ฟรีสไตล์ 400 เมตร', 4, 2, 2, 0, 4, 2),
(8, 'ว่ายน้ำ-กรรเชียง 50 เมตร', 4, 2, 2, 0, 4, 2),
(9, 'ว่ายน้ำ-กรรเชียง 100 เมตร', 4, 2, 2, 0, 4, 2),
(10, 'ว่ายน้ำ-กรรเชียง 200 เมตร', 4, 2, 2, 0, 4, 2),
(11, 'ว่ายน้ำ-กบ 50 เมตร', 4, 2, 2, 0, 4, 2),
(12, 'ว่ายน้ำ-กบ 100 เมตร', 4, 2, 2, 0, 4, 2),
(13, 'ว่ายน้ำ-กบ 200 เมตร', 4, 2, 2, 0, 4, 2),
(14, 'ว่ายน้ำ-ผีเสื้อ 50 เมตร', 4, 2, 2, 0, 4, 2),
(15, 'ว่ายน้ำ-ผีเสื้อ 100 เมตร', 4, 2, 2, 0, 4, 2),
(16, 'ว่ายน้ำ-ผีเสื้อ 200 เมตร', 4, 2, 2, 0, 4, 2),
(17, 'ว่ายน้ำ-เดี่ยวผสม 200 เมตร', 4, 2, 2, 0, 4, 2),
(18, 'ว่ายน้ำ-ผลัดฟรีสไตล์ 4x100 เมตร', 4, 6, 6, 0, 4, 2),
(19, 'ว่ายน้ำ-ผลัดผสม 4x100 เมตร', 4, 6, 6, 0, 4, 2),
(20, 'กรีฑา-วิ่ง 100 เมตร', 5, 2, 2, 0, 4, 2),
(21, 'กรีฑา-วิ่ง 200 เมตร', 5, 2, 2, 0, 4, 2),
(22, 'กรีฑา-วิ่ง 400 เมตร', 5, 2, 2, 0, 4, 2),
(23, 'กรีฑา-วิ่ง 800 เมตร', 5, 2, 2, 0, 4, 2),
(24, 'กรีฑา-วิ่ง 1,500 เมตร', 5, 2, 2, 0, 4, 2),
(25, 'กรีฑา-วิ่ง 5,000 เมตร', 5, 2, 2, 0, 4, 2),
(26, 'กรีฑา-วิ่ง 10,000 เมตร', 5, 2, 2, 0, 4, 2),
(27, 'กรีฑา-วิ่งผลัด 4x100 เมตร', 5, 6, 6, 0, 4, 2),
(28, 'กรีฑา-วิ่งผลัด 4x400 เมตร', 5, 6, 6, 0, 4, 2),
(29, 'กรีฑา-วิ่งผลัดต่างระยะ', 5, 3, 3, 0, 4, 2),
(30, 'กรีฑา-วิ่งผลัดผสม 4x400 เมตร', 5, 2, 2, 1, 4, 2),
(31, 'กรีฑา-กระโดดไกล', 5, 2, 2, 0, 6, 2),
(32, 'กรีฑา-เขย่งก้าวกระโดด', 5, 2, 2, 0, 6, 2),
(33, 'กรีฑา-ขว้างจักร', 5, 2, 2, 0, 6, 2),
(34, 'กรีฑา-ทุ่มน้ำหนัก', 5, 2, 2, 0, 6, 2),
(35, 'กรีฑา-พุ่งแหลน', 5, 2, 2, 0, 6, 2),
(36, 'วอลเลย์บอลชายหาด-ประเภททีม', 6, 3, 3, 0, 1, 1),
(37, 'ฟุตซอล-ประเภททีม', 7, 17, 17, 0, 2, 1),
(38, 'เทเบิลเทนนิส-ประเภททีม', 8, 5, 5, 0, 1, 3),
(39, 'เทเบิลเทนนิส-ประเภทบุคคลเดี่ยว', 8, 2, 2, 0, 1, 3),
(40, 'เทเบิลเทนนิส-ประเภทบุคคลคู่', 8, 4, 4, 0, 1, 3),
(41, 'เทเบิลเทนนิส-ประเภทบุคคลคู่ผสม', 8, 2, 2, 1, 1, 3),
(42, 'แบดมินตัน-ประเภททีม', 9, 5, 5, 0, 1, 3),
(43, 'แบดมินตัน-ประเภทบุคคลเดี่ยว', 9, 2, 2, 0, 1, 3),
(44, 'แบดมินตัน-ประเภทบุคคลคู่', 9, 4, 4, 0, 1, 3),
(45, 'แบดมินตัน-ประเภทบุคคลคู่ผสม', 9, 2, 2, 1, 1, 3),
(46, 'เปตอง-ประเภททีม 3 คน', 10, 4, 4, 0, 3, 3),
(47, 'เปตอง-ประเภทที่คู่ผสม', 10, 2, 2, 1, 3, 3),
(48, 'เปตอง-ประเภทบุคคลเดี่ยว', 10, 2, 2, 0, 3, 3),
(49, 'เปตอง-ประเภททีม 2 คน', 10, 4, 4, 0, 3, 3),
(50, 'เปตอง-ประเภทบุคคลเดี่ยวมือยิง', 10, 1, 1, 0, 3, 3),
(51, 'เซปักตะกร้อ-ประเภททีมชุด', 11, 15, 15, 0, 1, 1),
(52, 'เซปักตะกร้อ-ประเภทเดี่ยว', 11, 8, 8, 0, 1, 1),
(53, 'เซปักตะกร้อ-ประเภทตะกร้อคู่', 11, 5, 5, 0, 1, 1),
(59, 'หมากล้อม-ประเภทบุคคลเดี่ยว', 14, 2, 2, 0, 3, 3),
(60, 'หมากล้อม-ประเภทบุคคลคู่', 14, 4, 4, 0, 3, 3),
(61, 'หมากล้อม-ประเภทบุคคลคู่ผสม', 14, 2, 2, 1, 3, 3),
(62, 'หมากฮอส-ประเภทบุคคลเดี่ยว', 15, 2, 2, 0, 3, 3),
(63, 'หมากฮอส-ประเภทบุคคลคู่', 15, 4, 4, 0, 3, 3),
(64, 'หมากฮอส-ประเภทบุคคลคู่ผสม', 15, 2, 2, 1, 3, 3),
(65, 'หมากรุกไทย-ประเภทบุคคลเดี่ยว', 16, 2, 2, 0, 3, 3),
(66, 'หมากรุกไทย-ประเภทบุคคลคู่', 16, 4, 4, 0, 3, 3),
(67, 'หมากรุกไทย-ประเภทบุคคลคู่ผสม', 16, 2, 2, 1, 3, 3),
(68, 'ครอสเวิร์ด-ประเภทบุคคลเดี่ยว', 17, 2, 2, 0, 3, 3),
(69, 'ครอสเวิร์ด-ประเภทบุคคลคู่', 17, 4, 4, 0, 3, 3),
(70, 'ครอสเวิร์ด-ประเภทบุคคลคู่ผสม', 17, 2, 2, 1, 3, 3);

-- --------------------------------------------------------

--
-- โครงสร้างตาราง `sport_regis`
--

CREATE TABLE IF NOT EXISTS `sport_regis` (
  `sport_regis_id` int(11) NOT NULL AUTO_INCREMENT,
  `id_student` int(11) NOT NULL,
  `id_Sports_category` int(11) NOT NULL,
  `id_Sport_type` int(11) NOT NULL,
  `id_university` int(11) NOT NULL,
  `sex` varchar(20) COLLATE utf8_bin NOT NULL,
  `id_user_admin` int(11) NOT NULL,
  PRIMARY KEY (`sport_regis_id`,`id_student`),
  KEY `sport_rechack` (`id_student`)
) ENGINE=InnoDB DEFAULT CHARSET=utf8 COLLATE=utf8_bin AUTO_INCREMENT=1 ;

-- --------------------------------------------------------

--
-- โครงสร้างตาราง `sport_type`
--

CREATE TABLE IF NOT EXISTS `sport_type` (
  `id_Sport_type` int(11) NOT NULL AUTO_INCREMENT,
  `name_Sport_type` varchar(50) COLLATE utf8_bin NOT NULL,
  `status` varchar(1) COLLATE utf8_bin NOT NULL DEFAULT '1',
  PRIMARY KEY (`id_Sport_type`)
) ENGINE=InnoDB  DEFAULT CHARSET=utf8 COLLATE=utf8_bin AUTO_INCREMENT=18 ;

--
-- dump ตาราง `sport_type`
--

INSERT INTO `sport_type` (`id_Sport_type`, `name_Sport_type`, `status`) VALUES
(1, 'ฟุตบอล', '1'),
(2, 'บาสเกตบอล', '1'),
(3, 'วอลเลย์บอล', '1'),
(4, 'ว่ายน้ำ', '1'),
(5, 'กรีฑา', '1'),
(6, 'วอลเลย์บอลชายหาด', '1'),
(7, 'ฟุตซอล', '1'),
(8, 'เทเบิลเทนนิส', '1'),
(9, 'แบดมินตัน', '1'),
(10, 'เปตอง', '1'),
(11, 'เซปักตะกร้อ', '1'),
(14, 'หมากล้อม', '1'),
(15, 'หมากฮอส', '1'),
(16, 'หมากรุกไทย', '1'),
(17, 'ครอสเวิร์ด', '0');

-- --------------------------------------------------------

--
-- โครงสร้างตาราง `staff`
--

CREATE TABLE IF NOT EXISTS `staff` (
  `staff_id` int(11) NOT NULL AUTO_INCREMENT,
  `staff_title` varchar(50) COLLATE utf8_bin NOT NULL,
  `staff_name` varchar(50) COLLATE utf8_bin NOT NULL,
  `staff_lastname` varchar(50) COLLATE utf8_bin NOT NULL,
  `staff_tel` varchar(10) COLLATE utf8_bin NOT NULL,
  `staff_email` varchar(50) COLLATE utf8_bin NOT NULL,
  `staff_cposition` varchar(50) COLLATE utf8_bin NOT NULL,
  `staff_csport` varchar(50) COLLATE utf8_bin NOT NULL,
  `staff_cplayer` varchar(50) COLLATE utf8_bin NOT NULL,
  `staff_update` date NOT NULL,
  `staff_st` int(11) NOT NULL,
  `id_university` int(11) NOT NULL,
  `staff_pic` varchar(100) COLLATE utf8_bin NOT NULL,
  PRIMARY KEY (`staff_id`)
) ENGINE=InnoDB DEFAULT CHARSET=utf8 COLLATE=utf8_bin AUTO_INCREMENT=1 ;

-- --------------------------------------------------------

--
-- โครงสร้างตาราง `student_sports`
--

CREATE TABLE IF NOT EXISTS `student_sports` (
  `id_student` int(11) NOT NULL AUTO_INCREMENT,
  `CITIZEN_ID` varchar(20) COLLATE utf8_bin NOT NULL,
  `title_name` varchar(20) COLLATE utf8_bin NOT NULL,
  `f_name` varchar(50) COLLATE utf8_bin NOT NULL,
  `l_name` varchar(50) COLLATE utf8_bin NOT NULL,
  `nationality` varchar(50) COLLATE utf8_bin NOT NULL,
  `race` varchar(50) COLLATE utf8_bin NOT NULL,
  `food_group` varchar(100) COLLATE utf8_bin NOT NULL,
  `hbd` date NOT NULL,
  `id_university` int(11) NOT NULL,
  `student_code` varchar(20) COLLATE utf8_bin NOT NULL,
  `education_level` varchar(50) COLLATE utf8_bin NOT NULL,
  `year_level` int(11) NOT NULL,
  `faculty` varchar(200) COLLATE utf8_bin NOT NULL,
  `pic_student` varchar(100) COLLATE utf8_bin NOT NULL,
  `pic_cardstudent` varchar(100) COLLATE utf8_bin NOT NULL,
  `pic_card` varchar(100) COLLATE utf8_bin NOT NULL,
  `evidence` varchar(100) COLLATE utf8_bin NOT NULL,
  `vaccine_covid19` varchar(255) COLLATE utf8_bin NOT NULL,
  `status_vaccine_covid19` varchar(1) COLLATE utf8_bin NOT NULL DEFAULT '0',
  `st` int(11) NOT NULL,
  `st_date` date NOT NULL,
  `id_user_admin` int(11) NOT NULL,
  `detail` varchar(500) COLLATE utf8_bin NOT NULL,
  `evidence1` varchar(100) COLLATE utf8_bin NOT NULL,
  PRIMARY KEY (`id_student`)
) ENGINE=InnoDB  DEFAULT CHARSET=utf8 COLLATE=utf8_bin AUTO_INCREMENT=1407 ;

-- --------------------------------------------------------

--
-- โครงสร้างตาราง `tb_f1`
--

CREATE TABLE IF NOT EXISTS `tb_f1` (
  `id_f1` int(11) NOT NULL AUTO_INCREMENT,
  `id_unversity` int(11) NOT NULL,
  `id_Sport_type` int(11) NOT NULL,
  `id_Sports_category` int(11) NOT NULL,
  `M` int(11) NOT NULL,
  `F` int(11) NOT NULL,
  `st` int(11) NOT NULL,
  PRIMARY KEY (`id_f1`)
) ENGINE=InnoDB  DEFAULT CHARSET=utf8 COLLATE=utf8_bin AUTO_INCREMENT=640 ;

--
-- dump ตาราง `tb_f1`
--

INSERT INTO `tb_f1` (`id_f1`, `id_unversity`, `id_Sport_type`, `id_Sports_category`, `M`, `F`, `st`) VALUES
(1, 1, 1, 1, 1, 0, 0),
(2, 1, 2, 2, 1, 1, 0),
(3, 1, 3, 3, 1, 1, 0),
(4, 1, 4, 4, 1, 1, 0),
(5, 1, 4, 5, 1, 1, 0),
(6, 1, 4, 6, 1, 1, 0),
(7, 1, 4, 7, 1, 1, 0),
(8, 1, 4, 8, 1, 1, 0),
(9, 1, 4, 9, 1, 1, 0),
(10, 1, 4, 10, 1, 1, 0),
(11, 1, 4, 11, 1, 1, 0),
(12, 1, 4, 12, 1, 1, 0),
(13, 1, 4, 13, 1, 1, 0),
(14, 1, 4, 14, 1, 1, 0),
(15, 1, 4, 15, 1, 1, 0),
(16, 1, 4, 16, 1, 1, 0),
(17, 1, 4, 17, 1, 1, 0),
(18, 1, 4, 18, 1, 1, 0),
(19, 1, 4, 19, 1, 1, 0),
(20, 1, 5, 20, 1, 1, 0),
(21, 1, 5, 21, 1, 1, 0),
(22, 1, 5, 22, 1, 1, 0),
(23, 1, 5, 23, 1, 1, 0),
(24, 1, 5, 24, 1, 1, 0),
(25, 1, 5, 25, 1, 1, 0),
(26, 1, 5, 26, 1, 1, 0),
(27, 1, 5, 27, 1, 1, 0),
(28, 1, 5, 28, 1, 1, 0),
(29, 1, 5, 29, 1, 1, 0),
(30, 1, 5, 30, 1, 1, 0),
(31, 1, 5, 31, 1, 1, 0),
(32, 1, 5, 32, 1, 1, 0),
(33, 1, 5, 33, 1, 1, 0),
(34, 1, 5, 34, 1, 1, 0),
(35, 1, 5, 35, 1, 1, 0),
(36, 1, 6, 36, 1, 1, 0),
(37, 1, 7, 37, 1, 1, 0),
(38, 1, 8, 38, 1, 1, 0),
(39, 1, 8, 39, 1, 1, 0),
(40, 1, 8, 40, 1, 1, 0),
(41, 1, 8, 41, 1, 1, 1),
(42, 1, 9, 42, 1, 1, 0),
(43, 1, 9, 43, 1, 1, 0),
(44, 1, 9, 44, 1, 1, 0),
(45, 1, 9, 45, 1, 1, 1),
(46, 1, 10, 46, 1, 1, 0),
(47, 1, 10, 47, 1, 1, 1),
(48, 1, 10, 48, 1, 1, 0),
(49, 1, 10, 49, 1, 1, 0),
(50, 1, 10, 50, 1, 1, 0),
(51, 1, 11, 51, 0, 0, 0),
(52, 1, 11, 52, 0, 0, 0),
(53, 1, 11, 53, 0, 0, 0),
(54, 1, 12, 54, 0, 0, 0),
(55, 1, 12, 55, 0, 0, 0),
(57, 1, 12, 57, 0, 0, 1),
(58, 1, 13, 58, 0, 0, 0),
(59, 1, 14, 59, 0, 0, 0),
(60, 1, 14, 60, 0, 0, 0),
(61, 1, 14, 61, 0, 0, 1),
(62, 1, 15, 62, 0, 0, 0),
(63, 1, 15, 63, 0, 0, 0),
(64, 1, 15, 64, 0, 0, 1),
(65, 1, 16, 65, 0, 0, 0),
(66, 1, 16, 66, 0, 0, 0),
(67, 1, 16, 67, 0, 0, 1),
(68, 1, 17, 68, 0, 0, 0),
(69, 1, 17, 69, 0, 0, 0),
(70, 1, 17, 70, 0, 0, 1),
(71, 1, 18, 71, 0, 0, 1),
(72, 2, 1, 1, 1, 0, 0),
(73, 2, 2, 2, 1, 0, 0),
(74, 2, 3, 3, 1, 0, 0),
(75, 2, 4, 4, 1, 0, 0),
(76, 2, 4, 5, 1, 0, 0),
(77, 2, 4, 6, 1, 0, 0),
(78, 2, 4, 7, 1, 0, 0),
(79, 2, 4, 8, 1, 0, 0),
(80, 2, 4, 9, 1, 0, 0),
(81, 2, 4, 10, 1, 0, 0),
(82, 2, 4, 11, 1, 0, 0),
(83, 2, 4, 12, 1, 0, 0),
(84, 2, 4, 13, 1, 0, 0),
(85, 2, 4, 14, 1, 0, 0),
(86, 2, 4, 15, 1, 0, 0),
(87, 2, 4, 16, 1, 0, 0),
(88, 2, 4, 17, 0, 0, 0),
(89, 2, 4, 18, 0, 0, 0),
(90, 2, 4, 19, 0, 0, 0),
(91, 2, 5, 20, 1, 1, 0),
(92, 2, 5, 21, 1, 1, 0),
(93, 2, 5, 22, 1, 1, 0),
(94, 2, 5, 23, 1, 0, 0),
(95, 2, 5, 24, 1, 0, 0),
(96, 2, 5, 25, 1, 0, 0),
(97, 2, 5, 26, 0, 0, 0),
(98, 2, 5, 27, 1, 0, 0),
(99, 2, 5, 28, 1, 0, 0),
(100, 2, 5, 29, 0, 0, 0),
(101, 2, 5, 30, 1, 1, 0),
(102, 2, 5, 31, 1, 1, 0),
(103, 2, 5, 32, 1, 1, 0),
(104, 2, 5, 33, 0, 0, 0),
(105, 2, 5, 34, 0, 0, 0),
(106, 2, 5, 35, 0, 0, 0),
(107, 2, 6, 36, 1, 1, 0),
(108, 2, 7, 37, 1, 0, 0),
(109, 2, 8, 38, 1, 1, 0),
(110, 2, 8, 39, 1, 1, 0),
(111, 2, 8, 40, 1, 1, 0),
(112, 2, 8, 41, 1, 1, 1),
(113, 2, 9, 42, 1, 1, 0),
(114, 2, 9, 43, 1, 1, 0),
(115, 2, 9, 44, 1, 1, 0),
(116, 2, 9, 45, 1, 1, 1),
(117, 2, 10, 46, 1, 1, 0),
(118, 2, 10, 47, 1, 1, 1),
(119, 2, 10, 48, 1, 1, 0),
(120, 2, 10, 49, 1, 1, 0),
(121, 2, 10, 50, 1, 1, 0),
(122, 2, 11, 51, 0, 0, 0),
(123, 2, 11, 52, 1, 1, 0),
(124, 2, 11, 53, 1, 1, 0),
(125, 2, 12, 54, 0, 0, 0),
(126, 2, 12, 55, 0, 0, 0),
(128, 2, 12, 57, 0, 0, 1),
(129, 2, 13, 58, 0, 0, 0),
(130, 2, 14, 59, 0, 0, 0),
(131, 2, 14, 60, 0, 0, 0),
(132, 2, 14, 61, 0, 0, 1),
(133, 2, 15, 62, 1, 1, 0),
(134, 2, 15, 63, 1, 1, 0),
(135, 2, 15, 64, 1, 1, 1),
(136, 2, 16, 65, 1, 1, 0),
(137, 2, 16, 66, 1, 1, 0),
(138, 2, 16, 67, 1, 1, 1),
(139, 2, 17, 68, 0, 0, 0),
(140, 2, 17, 69, 0, 0, 0),
(141, 2, 17, 70, 0, 0, 1),
(142, 2, 18, 71, 0, 0, 1),
(143, 3, 1, 1, 1, 0, 0),
(144, 3, 2, 2, 1, 1, 0),
(145, 3, 3, 3, 1, 1, 0),
(146, 3, 4, 4, 1, 1, 0),
(147, 3, 4, 5, 1, 1, 0),
(148, 3, 4, 6, 1, 1, 0),
(149, 3, 4, 7, 1, 1, 0),
(150, 3, 4, 8, 1, 1, 0),
(151, 3, 4, 9, 1, 1, 0),
(152, 3, 4, 10, 1, 0, 0),
(153, 3, 4, 11, 1, 1, 0),
(154, 3, 4, 12, 1, 1, 0),
(155, 3, 4, 13, 1, 1, 0),
(156, 3, 4, 14, 1, 1, 0),
(157, 3, 4, 15, 1, 1, 0),
(158, 3, 4, 16, 1, 0, 0),
(159, 3, 4, 17, 1, 1, 0),
(160, 3, 4, 18, 1, 0, 0),
(161, 3, 4, 19, 1, 0, 0),
(162, 3, 5, 20, 1, 1, 0),
(163, 3, 5, 21, 1, 1, 0),
(164, 3, 5, 22, 1, 1, 0),
(165, 3, 5, 23, 1, 1, 0),
(166, 3, 5, 24, 1, 1, 0),
(167, 3, 5, 25, 1, 1, 0),
(168, 3, 5, 26, 1, 1, 0),
(169, 3, 5, 27, 1, 1, 0),
(170, 3, 5, 28, 1, 1, 0),
(171, 3, 5, 29, 1, 1, 0),
(172, 3, 5, 30, 1, 1, 0),
(173, 3, 5, 31, 1, 1, 0),
(174, 3, 5, 32, 1, 1, 0),
(175, 3, 5, 33, 1, 1, 0),
(176, 3, 5, 34, 1, 1, 0),
(177, 3, 5, 35, 1, 1, 0),
(178, 3, 6, 36, 1, 1, 0),
(179, 3, 7, 37, 1, 1, 0),
(180, 3, 8, 38, 1, 1, 0),
(181, 3, 8, 39, 1, 1, 0),
(182, 3, 8, 40, 1, 1, 0),
(183, 3, 8, 41, 1, 1, 1),
(184, 3, 9, 42, 1, 0, 0),
(185, 3, 9, 43, 1, 1, 0),
(186, 3, 9, 44, 1, 1, 0),
(187, 3, 9, 45, 1, 1, 1),
(188, 3, 10, 46, 1, 1, 0),
(189, 3, 10, 47, 1, 1, 1),
(190, 3, 10, 48, 1, 1, 0),
(191, 3, 10, 49, 1, 1, 0),
(192, 3, 10, 50, 1, 1, 0),
(193, 3, 11, 51, 1, 0, 0),
(194, 3, 11, 52, 1, 1, 0),
(195, 3, 11, 53, 1, 1, 0),
(196, 3, 12, 54, 0, 0, 0),
(197, 3, 12, 55, 0, 0, 0),
(199, 3, 12, 57, 0, 0, 1),
(200, 3, 13, 58, 0, 0, 0),
(201, 3, 14, 59, 1, 1, 0),
(202, 3, 14, 60, 1, 1, 0),
(203, 3, 14, 61, 1, 1, 1),
(204, 3, 15, 62, 1, 0, 0),
(205, 3, 15, 63, 0, 0, 0),
(206, 3, 15, 64, 0, 0, 1),
(207, 3, 16, 65, 0, 0, 0),
(208, 3, 16, 66, 0, 0, 0),
(209, 3, 16, 67, 0, 0, 1),
(210, 3, 17, 68, 0, 0, 0),
(211, 3, 17, 69, 0, 0, 0),
(212, 3, 17, 70, 0, 0, 1),
(213, 3, 18, 71, 0, 0, 1),
(214, 4, 1, 1, 1, 0, 0),
(215, 4, 2, 2, 1, 1, 0),
(216, 4, 3, 3, 0, 0, 0),
(217, 4, 4, 4, 1, 0, 0),
(218, 4, 4, 5, 1, 0, 0),
(219, 4, 4, 6, 0, 0, 0),
(220, 4, 4, 7, 0, 0, 0),
(221, 4, 4, 8, 1, 0, 0),
(222, 4, 4, 9, 1, 0, 0),
(223, 4, 4, 10, 0, 0, 0),
(224, 4, 4, 11, 0, 0, 0),
(225, 4, 4, 12, 0, 0, 0),
(226, 4, 4, 13, 0, 0, 0),
(227, 4, 4, 14, 1, 0, 0),
(228, 4, 4, 15, 0, 0, 0),
(229, 4, 4, 16, 0, 0, 0),
(230, 4, 4, 17, 0, 0, 0),
(231, 4, 4, 18, 0, 0, 0),
(232, 4, 4, 19, 0, 0, 0),
(233, 4, 5, 20, 1, 0, 0),
(234, 4, 5, 21, 0, 0, 0),
(235, 4, 5, 22, 1, 0, 0),
(236, 4, 5, 23, 0, 0, 0),
(237, 4, 5, 24, 0, 0, 0),
(238, 4, 5, 25, 0, 0, 0),
(239, 4, 5, 26, 0, 0, 0),
(240, 4, 5, 27, 0, 0, 0),
(241, 4, 5, 28, 0, 0, 0),
(242, 4, 5, 29, 0, 0, 0),
(243, 4, 5, 30, 0, 0, 0),
(244, 4, 5, 31, 0, 0, 0),
(245, 4, 5, 32, 0, 0, 0),
(246, 4, 5, 33, 1, 0, 0),
(247, 4, 5, 34, 1, 0, 0),
(248, 4, 5, 35, 1, 0, 0),
(249, 4, 6, 36, 1, 0, 0),
(250, 4, 7, 37, 1, 0, 0),
(251, 4, 8, 38, 1, 1, 0),
(252, 4, 8, 39, 1, 1, 0),
(253, 4, 8, 40, 1, 1, 0),
(254, 4, 8, 41, 1, 1, 1),
(255, 4, 9, 42, 1, 1, 0),
(256, 4, 9, 43, 1, 1, 0),
(257, 4, 9, 44, 1, 1, 0),
(258, 4, 9, 45, 1, 1, 1),
(259, 4, 10, 46, 1, 1, 0),
(260, 4, 10, 47, 1, 1, 1),
(261, 4, 10, 48, 1, 1, 0),
(262, 4, 10, 49, 1, 1, 0),
(263, 4, 10, 50, 1, 1, 0),
(264, 4, 11, 51, 0, 0, 0),
(265, 4, 11, 52, 0, 0, 0),
(266, 4, 11, 53, 0, 0, 0),
(267, 4, 12, 54, 0, 0, 0),
(268, 4, 12, 55, 0, 0, 0),
(270, 4, 12, 57, 0, 0, 1),
(271, 4, 13, 58, 0, 0, 0),
(272, 4, 14, 59, 1, 1, 0),
(273, 4, 14, 60, 0, 1, 0),
(274, 4, 14, 61, 1, 1, 1),
(275, 4, 15, 62, 1, 0, 0),
(276, 4, 15, 63, 0, 0, 0),
(277, 4, 15, 64, 0, 0, 1),
(278, 4, 16, 65, 1, 0, 0),
(279, 4, 16, 66, 1, 0, 0),
(280, 4, 16, 67, 0, 0, 1),
(281, 4, 17, 68, 1, 1, 0),
(282, 4, 17, 69, 1, 1, 0),
(283, 4, 17, 70, 1, 1, 1),
(284, 4, 18, 71, 0, 0, 1),
(285, 5, 1, 1, 1, 0, 0),
(286, 5, 2, 2, 1, 0, 0),
(287, 5, 3, 3, 0, 0, 0),
(288, 5, 4, 4, 0, 0, 0),
(289, 5, 4, 5, 0, 0, 0),
(290, 5, 4, 6, 0, 0, 0),
(291, 5, 4, 7, 0, 0, 0),
(292, 5, 4, 8, 0, 0, 0),
(293, 5, 4, 9, 0, 0, 0),
(294, 5, 4, 10, 0, 0, 0),
(295, 5, 4, 11, 0, 0, 0),
(296, 5, 4, 12, 0, 0, 0),
(297, 5, 4, 13, 0, 0, 0),
(298, 5, 4, 14, 0, 0, 0),
(299, 5, 4, 15, 0, 0, 0),
(300, 5, 4, 16, 0, 0, 0),
(301, 5, 4, 17, 0, 0, 0),
(302, 5, 4, 18, 0, 0, 0),
(303, 5, 4, 19, 0, 0, 0),
(304, 5, 5, 20, 1, 1, 0),
(305, 5, 5, 21, 1, 1, 0),
(306, 5, 5, 22, 1, 1, 0),
(307, 5, 5, 23, 1, 1, 0),
(308, 5, 5, 24, 0, 0, 0),
(309, 5, 5, 25, 0, 0, 0),
(310, 5, 5, 26, 0, 0, 0),
(311, 5, 5, 27, 0, 1, 0),
(312, 5, 5, 28, 0, 1, 0),
(313, 5, 5, 29, 0, 1, 0),
(314, 5, 5, 30, 1, 1, 0),
(315, 5, 5, 31, 1, 1, 0),
(316, 5, 5, 32, 1, 1, 0),
(317, 5, 5, 33, 1, 1, 0),
(318, 5, 5, 34, 1, 1, 0),
(319, 5, 5, 35, 1, 1, 0),
(320, 5, 6, 36, 1, 1, 0),
(321, 5, 7, 37, 1, 1, 0),
(322, 5, 8, 38, 0, 0, 0),
(323, 5, 8, 39, 0, 0, 0),
(324, 5, 8, 40, 0, 0, 0),
(325, 5, 8, 41, 0, 0, 1),
(326, 5, 9, 42, 1, 1, 0),
(327, 5, 9, 43, 1, 1, 0),
(328, 5, 9, 44, 1, 1, 0),
(329, 5, 9, 45, 1, 1, 1),
(330, 5, 10, 46, 1, 1, 0),
(331, 5, 10, 47, 1, 1, 1),
(332, 5, 10, 48, 1, 1, 0),
(333, 5, 10, 49, 1, 1, 0),
(334, 5, 10, 50, 1, 1, 0),
(335, 5, 11, 51, 1, 1, 0),
(336, 5, 11, 52, 1, 1, 0),
(337, 5, 11, 53, 1, 1, 0),
(338, 5, 12, 54, 0, 0, 0),
(339, 5, 12, 55, 0, 0, 0),
(341, 5, 12, 57, 0, 0, 1),
(342, 5, 13, 58, 0, 0, 0),
(343, 5, 14, 59, 1, 1, 0),
(344, 5, 14, 60, 0, 1, 0),
(345, 5, 14, 61, 1, 1, 1),
(346, 5, 15, 62, 1, 1, 0),
(347, 5, 15, 63, 1, 1, 0),
(348, 5, 15, 64, 1, 1, 1),
(349, 5, 16, 65, 1, 1, 0),
(350, 5, 16, 66, 0, 1, 0),
(351, 5, 16, 67, 1, 1, 1),
(352, 5, 17, 68, 1, 1, 0),
(353, 5, 17, 69, 0, 0, 0),
(354, 5, 17, 70, 1, 1, 1),
(355, 5, 18, 71, 0, 0, 1),
(356, 6, 1, 1, 1, 0, 0),
(357, 6, 2, 2, 1, 1, 0),
(358, 6, 3, 3, 1, 1, 0),
(359, 6, 4, 4, 1, 0, 0),
(360, 6, 4, 5, 1, 0, 0),
(361, 6, 4, 6, 1, 0, 0),
(362, 6, 4, 7, 1, 0, 0),
(363, 6, 4, 8, 1, 0, 0),
(364, 6, 4, 9, 1, 0, 0),
(365, 6, 4, 10, 1, 0, 0),
(366, 6, 4, 11, 1, 0, 0),
(367, 6, 4, 12, 1, 0, 0),
(368, 6, 4, 13, 1, 0, 0),
(369, 6, 4, 14, 1, 0, 0),
(370, 6, 4, 15, 1, 0, 0),
(371, 6, 4, 16, 1, 0, 0),
(372, 6, 4, 17, 1, 0, 0),
(373, 6, 4, 18, 1, 0, 0),
(374, 6, 4, 19, 1, 0, 0),
(375, 6, 5, 20, 1, 1, 0),
(376, 6, 5, 21, 1, 1, 0),
(377, 6, 5, 22, 1, 1, 0),
(378, 6, 5, 23, 1, 1, 0),
(379, 6, 5, 24, 1, 1, 0),
(380, 6, 5, 25, 0, 0, 0),
(381, 6, 5, 26, 0, 0, 0),
(382, 6, 5, 27, 1, 1, 0),
(383, 6, 5, 28, 1, 1, 0),
(384, 6, 5, 29, 1, 1, 0),
(385, 6, 5, 30, 1, 1, 0),
(386, 6, 5, 31, 1, 1, 0),
(387, 6, 5, 32, 1, 1, 0),
(388, 6, 5, 33, 1, 1, 0),
(389, 6, 5, 34, 1, 1, 0),
(390, 6, 5, 35, 1, 1, 0),
(391, 6, 6, 36, 1, 1, 0),
(392, 6, 7, 37, 1, 1, 0),
(393, 6, 8, 38, 1, 1, 0),
(394, 6, 8, 39, 1, 1, 0),
(395, 6, 8, 40, 1, 1, 0),
(396, 6, 8, 41, 1, 1, 1),
(397, 6, 9, 42, 1, 1, 0),
(398, 6, 9, 43, 1, 1, 0),
(399, 6, 9, 44, 1, 1, 0),
(400, 6, 9, 45, 1, 1, 1),
(401, 6, 10, 46, 1, 1, 0),
(402, 6, 10, 47, 1, 1, 1),
(403, 6, 10, 48, 1, 1, 0),
(404, 6, 10, 49, 1, 1, 0),
(405, 6, 10, 50, 1, 1, 0),
(406, 6, 11, 51, 1, 0, 0),
(407, 6, 11, 52, 1, 0, 0),
(408, 6, 11, 53, 1, 0, 0),
(409, 6, 12, 54, 0, 0, 0),
(410, 6, 12, 55, 0, 0, 0),
(412, 6, 12, 57, 0, 0, 1),
(413, 6, 13, 58, 0, 0, 0),
(414, 6, 14, 59, 1, 1, 0),
(415, 6, 14, 60, 1, 1, 0),
(416, 6, 14, 61, 1, 1, 1),
(417, 6, 15, 62, 0, 0, 0),
(418, 6, 15, 63, 0, 0, 0),
(419, 6, 15, 64, 0, 0, 1),
(420, 6, 16, 65, 1, 1, 0),
(421, 6, 16, 66, 1, 1, 0),
(422, 6, 16, 67, 1, 1, 1),
(423, 6, 17, 68, 0, 0, 0),
(424, 6, 17, 69, 0, 0, 0),
(425, 6, 17, 70, 0, 0, 1),
(426, 6, 18, 71, 0, 0, 1),
(427, 7, 1, 1, 1, 0, 0),
(428, 7, 2, 2, 1, 0, 0),
(429, 7, 3, 3, 1, 1, 0),
(430, 7, 4, 4, 1, 1, 0),
(431, 7, 4, 5, 1, 1, 0),
(432, 7, 4, 6, 1, 0, 0),
(433, 7, 4, 7, 1, 0, 0),
(434, 7, 4, 8, 1, 1, 0),
(435, 7, 4, 9, 1, 0, 0),
(436, 7, 4, 10, 0, 0, 0),
(437, 7, 4, 11, 1, 1, 0),
(438, 7, 4, 12, 1, 1, 0),
(439, 7, 4, 13, 1, 0, 0),
(440, 7, 4, 14, 1, 1, 0),
(441, 7, 4, 15, 1, 0, 0),
(442, 7, 4, 16, 0, 0, 0),
(443, 7, 4, 17, 1, 0, 0),
(444, 7, 4, 18, 0, 0, 0),
(445, 7, 4, 19, 0, 0, 0),
(446, 7, 5, 20, 1, 1, 0),
(447, 7, 5, 21, 1, 1, 0),
(448, 7, 5, 22, 1, 1, 0),
(449, 7, 5, 23, 1, 1, 0),
(450, 7, 5, 24, 1, 1, 0),
(451, 7, 5, 25, 1, 1, 0),
(452, 7, 5, 26, 1, 1, 0),
(453, 7, 5, 27, 1, 1, 0),
(454, 7, 5, 28, 1, 1, 0),
(455, 7, 5, 29, 1, 1, 0),
(456, 7, 5, 30, 1, 1, 0),
(457, 7, 5, 31, 1, 1, 0),
(458, 7, 5, 32, 1, 1, 0),
(459, 7, 5, 33, 1, 1, 0),
(460, 7, 5, 34, 1, 1, 0),
(461, 7, 5, 35, 1, 1, 0),
(462, 7, 6, 36, 1, 1, 0),
(463, 7, 7, 37, 1, 1, 0),
(464, 7, 8, 38, 1, 1, 0),
(465, 7, 8, 39, 1, 1, 0),
(466, 7, 8, 40, 1, 1, 0),
(467, 7, 8, 41, 1, 1, 1),
(468, 7, 9, 42, 1, 1, 0),
(469, 7, 9, 43, 1, 1, 0),
(470, 7, 9, 44, 1, 1, 0),
(471, 7, 9, 45, 1, 1, 1),
(472, 7, 10, 46, 1, 1, 0),
(473, 7, 10, 47, 1, 1, 1),
(474, 7, 10, 48, 1, 1, 0),
(475, 7, 10, 49, 1, 1, 0),
(476, 7, 10, 50, 1, 1, 0),
(477, 7, 11, 51, 1, 0, 0),
(478, 7, 11, 52, 1, 1, 0),
(479, 7, 11, 53, 1, 0, 0),
(480, 7, 12, 54, 1, 1, 0),
(481, 7, 12, 55, 1, 1, 0),
(483, 7, 12, 57, 1, 1, 1),
(484, 7, 13, 58, 1, 1, 0),
(485, 7, 14, 59, 1, 1, 0),
(486, 7, 14, 60, 1, 1, 0),
(487, 7, 14, 61, 1, 1, 1),
(488, 7, 15, 62, 1, 1, 0),
(489, 7, 15, 63, 1, 1, 0),
(490, 7, 15, 64, 1, 1, 1),
(491, 7, 16, 65, 1, 1, 0),
(492, 7, 16, 66, 1, 1, 0),
(493, 7, 16, 67, 1, 1, 1),
(494, 7, 17, 68, 1, 1, 0),
(495, 7, 17, 69, 1, 1, 0),
(496, 7, 17, 70, 1, 1, 1),
(497, 7, 18, 71, 1, 1, 1),
(498, 8, 1, 1, 1, 0, 0),
(499, 8, 2, 2, 1, 0, 0),
(500, 8, 3, 3, 0, 0, 0),
(501, 8, 4, 4, 0, 0, 0),
(502, 8, 4, 5, 0, 0, 0),
(503, 8, 4, 6, 0, 0, 0),
(504, 8, 4, 7, 0, 0, 0),
(505, 8, 4, 8, 0, 0, 0),
(506, 8, 4, 9, 0, 0, 0),
(507, 8, 4, 10, 0, 0, 0),
(508, 8, 4, 11, 0, 0, 0),
(509, 8, 4, 12, 0, 0, 0),
(510, 8, 4, 13, 0, 0, 0),
(511, 8, 4, 14, 0, 0, 0),
(512, 8, 4, 15, 0, 0, 0),
(513, 8, 4, 16, 0, 0, 0),
(514, 8, 4, 17, 0, 0, 0),
(515, 8, 4, 18, 0, 0, 0),
(516, 8, 4, 19, 0, 0, 0),
(517, 8, 5, 20, 0, 1, 0),
(518, 8, 5, 21, 0, 1, 0),
(519, 8, 5, 22, 0, 0, 0),
(520, 8, 5, 23, 0, 0, 0),
(521, 8, 5, 24, 0, 0, 0),
(522, 8, 5, 25, 0, 0, 0),
(523, 8, 5, 26, 0, 0, 0),
(524, 8, 5, 27, 0, 0, 0),
(525, 8, 5, 28, 0, 0, 0),
(526, 8, 5, 29, 0, 0, 0),
(527, 8, 5, 30, 0, 0, 0),
(528, 8, 5, 31, 0, 1, 0),
(529, 8, 5, 32, 0, 1, 0),
(530, 8, 5, 33, 0, 1, 0),
(531, 8, 5, 34, 0, 1, 0),
(532, 8, 5, 35, 0, 1, 0),
(533, 8, 6, 36, 1, 0, 0),
(534, 8, 7, 37, 1, 1, 0),
(535, 8, 8, 38, 0, 0, 0),
(536, 8, 8, 39, 0, 0, 0),
(537, 8, 8, 40, 0, 0, 0),
(538, 8, 8, 41, 0, 0, 1),
(539, 8, 9, 42, 1, 1, 0),
(540, 8, 9, 43, 1, 1, 0),
(541, 8, 9, 44, 1, 1, 0),
(542, 8, 9, 45, 1, 1, 1),
(543, 8, 10, 46, 0, 1, 0),
(544, 8, 10, 47, 1, 1, 1),
(545, 8, 10, 48, 1, 1, 0),
(546, 8, 10, 49, 0, 1, 0),
(547, 8, 10, 50, 1, 1, 0),
(548, 8, 11, 51, 1, 1, 0),
(549, 8, 11, 52, 1, 1, 0),
(550, 8, 11, 53, 1, 1, 0),
(551, 8, 12, 54, 0, 0, 0),
(552, 8, 12, 55, 0, 0, 0),
(554, 8, 12, 57, 0, 0, 1),
(555, 8, 13, 58, 0, 0, 0),
(556, 8, 14, 59, 0, 0, 0),
(557, 8, 14, 60, 0, 0, 0),
(558, 8, 14, 61, 0, 0, 1),
(559, 8, 15, 62, 0, 0, 0),
(560, 8, 15, 63, 0, 0, 0),
(561, 8, 15, 64, 0, 0, 1),
(562, 8, 16, 65, 1, 0, 0),
(563, 8, 16, 66, 1, 0, 0),
(564, 8, 16, 67, 0, 0, 1),
(565, 8, 17, 68, 0, 0, 0),
(566, 8, 17, 69, 0, 0, 0),
(567, 8, 17, 70, 0, 0, 1),
(568, 8, 18, 71, 0, 0, 1),
(569, 9, 1, 1, 1, 0, 0),
(570, 9, 2, 2, 1, 1, 0),
(571, 9, 3, 3, 1, 1, 0),
(572, 9, 4, 4, 1, 1, 0),
(573, 9, 4, 5, 1, 1, 0),
(574, 9, 4, 6, 1, 1, 0),
(575, 9, 4, 7, 0, 0, 0),
(576, 9, 4, 8, 1, 1, 0),
(577, 9, 4, 9, 1, 0, 0),
(578, 9, 4, 10, 1, 0, 0),
(579, 9, 4, 11, 1, 1, 0),
(580, 9, 4, 12, 1, 0, 0),
(581, 9, 4, 13, 1, 0, 0),
(582, 9, 4, 14, 1, 1, 0),
(583, 9, 4, 15, 1, 0, 0),
(584, 9, 4, 16, 1, 0, 0),
(585, 9, 4, 17, 1, 1, 0),
(586, 9, 4, 18, 0, 0, 0),
(587, 9, 4, 19, 0, 0, 0),
(588, 9, 5, 20, 1, 1, 0),
(589, 9, 5, 21, 1, 1, 0),
(590, 9, 5, 22, 1, 1, 0),
(591, 9, 5, 23, 1, 1, 0),
(592, 9, 5, 24, 1, 1, 0),
(593, 9, 5, 25, 1, 0, 0),
(594, 9, 5, 26, 1, 0, 0),
(595, 9, 5, 27, 1, 1, 0),
(596, 9, 5, 28, 1, 1, 0),
(597, 9, 5, 29, 1, 1, 0),
(598, 9, 5, 30, 1, 1, 0),
(599, 9, 5, 31, 1, 1, 0),
(600, 9, 5, 32, 1, 1, 0),
(601, 9, 5, 33, 1, 1, 0),
(602, 9, 5, 34, 1, 1, 0),
(603, 9, 5, 35, 1, 1, 0),
(604, 9, 6, 36, 1, 1, 0),
(605, 9, 7, 37, 1, 1, 0),
(606, 9, 8, 38, 1, 1, 0),
(607, 9, 8, 39, 1, 1, 0),
(608, 9, 8, 40, 1, 1, 0),
(609, 9, 8, 41, 1, 1, 1),
(610, 9, 9, 42, 1, 1, 0),
(611, 9, 9, 43, 1, 1, 0),
(612, 9, 9, 44, 1, 1, 0),
(613, 9, 9, 45, 1, 1, 1),
(614, 9, 10, 46, 1, 1, 0),
(615, 9, 10, 47, 1, 1, 1),
(616, 9, 10, 48, 1, 1, 0),
(617, 9, 10, 49, 1, 1, 0),
(618, 9, 10, 50, 1, 1, 0),
(619, 9, 11, 51, 1, 1, 0),
(620, 9, 11, 52, 1, 1, 0),
(621, 9, 11, 53, 1, 1, 0),
(622, 9, 12, 54, 0, 0, 0),
(623, 9, 12, 55, 0, 0, 0),
(625, 9, 12, 57, 0, 0, 1),
(626, 9, 13, 58, 0, 0, 0),
(627, 9, 14, 59, 1, 1, 0),
(628, 9, 14, 60, 1, 1, 0),
(629, 9, 14, 61, 1, 1, 1),
(630, 9, 15, 62, 1, 1, 0),
(631, 9, 15, 63, 1, 1, 0),
(632, 9, 15, 64, 1, 1, 1),
(633, 9, 16, 65, 1, 1, 0),
(634, 9, 16, 66, 1, 1, 0),
(635, 9, 16, 67, 1, 1, 1),
(636, 9, 17, 68, 1, 1, 0),
(637, 9, 17, 69, 1, 1, 0),
(638, 9, 17, 70, 1, 1, 1),
(639, 9, 18, 71, 0, 0, 1);

-- --------------------------------------------------------

--
-- โครงสร้างตาราง `tb_set`
--

CREATE TABLE IF NOT EXISTS `tb_set` (
  `tb_set_id` int(11) NOT NULL AUTO_INCREMENT,
  `score_vs_id` int(11) NOT NULL,
  `num_set` int(11) NOT NULL,
  `score1` int(11) NOT NULL,
  `score2` int(11) NOT NULL,
  PRIMARY KEY (`tb_set_id`),
  KEY `score_vs_id` (`score_vs_id`)
) ENGINE=MyISAM  DEFAULT CHARSET=utf8 COLLATE=utf8_unicode_ci AUTO_INCREMENT=210 ;

--
-- dump ตาราง `tb_set`
--

INSERT INTO `tb_set` (`tb_set_id`, `score_vs_id`, `num_set`, `score1`, `score2`) VALUES
(1, 24, 1, 13, 25),
(2, 24, 2, 13, 25),
(3, 24, 3, 18, 25),
(4, 63, 1, 13, 21),
(5, 63, 2, 8, 21),
(9, 66, 2, 21, 11),
(8, 66, 1, 21, 17),
(10, 67, 1, 21, 0),
(11, 67, 2, 21, 0),
(12, 69, 1, 21, 14),
(13, 69, 2, 21, 15),
(22, 26, 4, 25, 15),
(21, 26, 3, 25, 23),
(20, 26, 2, 15, 25),
(19, 26, 1, 15, 25),
(23, 26, 5, 16, 14),
(24, 71, 1, 21, 18),
(25, 71, 2, 16, 21),
(26, 71, 3, 8, 15),
(27, 73, 1, 21, 6),
(28, 73, 2, 21, 9),
(29, 105, 1, 21, 11),
(30, 105, 2, 21, 8),
(31, 106, 1, 21, 7),
(32, 106, 2, 21, 8),
(33, 107, 1, 21, 15),
(34, 107, 2, 21, 10),
(35, 27, 1, 25, 22),
(36, 27, 2, 25, 17),
(37, 27, 3, 25, 18),
(38, 30, 1, 25, 8),
(39, 30, 2, 25, 16),
(40, 30, 3, 25, 12),
(41, 108, 1, 21, 10),
(42, 108, 2, 21, 15),
(43, 109, 1, 13, 21),
(44, 109, 2, 21, 16),
(45, 109, 3, 25, 24),
(46, 110, 1, 7, 21),
(47, 110, 2, 13, 21),
(48, 112, 1, 21, 8),
(49, 112, 2, 21, 8),
(50, 113, 1, 17, 21),
(51, 113, 2, 20, 22),
(52, 32, 1, 25, 11),
(53, 32, 2, 25, 12),
(54, 32, 3, 25, 8),
(55, 76, 1, 20, 22),
(56, 76, 2, 22, 20),
(57, 76, 3, 16, 14),
(58, 78, 1, 21, 14),
(59, 78, 2, 21, 7),
(60, 80, 1, 0, 21),
(61, 80, 2, 0, 21),
(62, 77, 1, 0, 21),
(63, 77, 2, 0, 21),
(64, 79, 1, 3, 21),
(65, 79, 2, 14, 21),
(66, 81, 1, 12, 21),
(67, 81, 2, 7, 21),
(68, 34, 1, 15, 25),
(69, 34, 2, 20, 25),
(70, 34, 3, 23, 25),
(71, 118, 1, 21, 23),
(72, 118, 2, 11, 21),
(73, 117, 1, 11, 21),
(74, 117, 2, 12, 21),
(75, 46, 1, 19, 25),
(76, 46, 2, 9, 25),
(77, 46, 3, 18, 25),
(78, 119, 1, 16, 21),
(79, 119, 2, 21, 18),
(80, 119, 3, 21, 23),
(81, 47, 1, 14, 25),
(82, 47, 2, 10, 25),
(83, 47, 3, 17, 25),
(84, 120, 1, 19, 21),
(85, 120, 2, 21, 13),
(86, 120, 3, 18, 21),
(87, 124, 1, 11, 21),
(88, 124, 2, 12, 21),
(89, 158, 1, 19, 21),
(90, 158, 2, 14, 21),
(91, 35, 1, 10, 25),
(92, 35, 2, 12, 25),
(93, 35, 3, 11, 25),
(94, 82, 1, 21, 4),
(95, 82, 2, 21, 6),
(96, 84, 1, 10, 21),
(97, 84, 2, 13, 21),
(98, 86, 1, 0, 21),
(99, 86, 2, 0, 21),
(100, 83, 1, 7, 21),
(101, 83, 2, 10, 21),
(102, 85, 1, 21, 0),
(103, 85, 2, 21, 0),
(104, 87, 1, 11, 21),
(105, 87, 2, 10, 21),
(106, 37, 1, 9, 25),
(107, 37, 2, 15, 25),
(108, 37, 3, 17, 25),
(109, 128, 1, 11, 21),
(110, 128, 2, 21, 16),
(111, 128, 3, 21, 16),
(112, 129, 1, 11, 21),
(113, 129, 2, 8, 21),
(114, 49, 1, 25, 11),
(115, 49, 2, 25, 19),
(116, 49, 3, 25, 17),
(117, 130, 1, 14, 21),
(118, 130, 2, 14, 21),
(119, 132, 1, 19, 21),
(120, 132, 2, 9, 21),
(121, 131, 1, 9, 21),
(122, 131, 2, 11, 21),
(123, 133, 1, 21, 11),
(124, 133, 2, 21, 9),
(125, 51, 1, 10, 25),
(126, 51, 2, 25, 20),
(127, 51, 3, 18, 25),
(128, 51, 4, 16, 25),
(129, 135, 1, 21, 19),
(130, 135, 2, 21, 15),
(131, 136, 1, 21, 11),
(132, 136, 2, 21, 18),
(133, 39, 1, 25, 9),
(134, 39, 2, 25, 13),
(135, 39, 3, 25, 13),
(136, 89, 1, 21, 14),
(137, 89, 2, 21, 15),
(138, 93, 1, 21, 19),
(139, 93, 2, 21, 19),
(140, 88, 1, 13, 21),
(141, 88, 2, 20, 22),
(142, 90, 1, 21, 10),
(143, 90, 2, 21, 11),
(144, 42, 1, 25, 15),
(145, 42, 2, 25, 21),
(146, 42, 3, 25, 9),
(147, 141, 1, 17, 21),
(148, 141, 2, 15, 21),
(149, 140, 1, 21, 16),
(150, 140, 2, 21, 9),
(151, 53, 1, 25, 15),
(152, 53, 2, 29, 27),
(154, 53, 3, 28, 26),
(155, 142, 1, 21, 15),
(156, 142, 2, 21, 7),
(157, 143, 1, 21, 17),
(158, 143, 2, 21, 6),
(159, 144, 1, 10, 21),
(160, 144, 2, 11, 21),
(161, 145, 1, 21, 8),
(162, 145, 2, 21, 5),
(163, 55, 1, 25, 19),
(164, 55, 2, 25, 22),
(165, 55, 3, 25, 15),
(166, 146, 1, 9, 21),
(167, 146, 2, 8, 21),
(168, 147, 1, 21, 6),
(169, 147, 2, 21, 16),
(170, 94, 1, 24, 22),
(171, 94, 2, 21, 14),
(172, 95, 1, 22, 24),
(173, 95, 2, 21, 11),
(174, 95, 3, 15, 7),
(175, 44, 1, 25, 17),
(176, 44, 2, 20, 25),
(177, 44, 3, 26, 28),
(178, 44, 4, 21, 25),
(179, 96, 1, 21, 13),
(180, 96, 2, 22, 20),
(181, 97, 1, 13, 21),
(182, 97, 2, 12, 21),
(183, 45, 1, 23, 25),
(184, 45, 2, 26, 24),
(185, 45, 3, 25, 13),
(186, 45, 4, 21, 25),
(187, 45, 5, 16, 14),
(188, 151, 1, 21, 5),
(189, 151, 2, 21, 14),
(190, 150, 1, 13, 21),
(191, 150, 2, 16, 21),
(192, 56, 1, 25, 17),
(193, 56, 2, 23, 25),
(194, 56, 3, 19, 25),
(195, 56, 4, 17, 25),
(196, 152, 1, 13, 21),
(197, 152, 2, 14, 21),
(198, 153, 1, 18, 21),
(199, 153, 2, 21, 19),
(200, 153, 3, 19, 21),
(201, 154, 1, 21, 9),
(202, 154, 2, 21, 13),
(203, 155, 1, 13, 21),
(204, 155, 2, 18, 21),
(205, 58, 1, 14, 25),
(206, 58, 2, 12, 25),
(207, 58, 3, 17, 25),
(208, 157, 1, 9, 21),
(209, 157, 2, 8, 21);

-- --------------------------------------------------------

--
-- โครงสร้างตาราง `tb_set2`
--

CREATE TABLE IF NOT EXISTS `tb_set2` (
  `tb_set_id` int(11) NOT NULL AUTO_INCREMENT,
  `score_vs_id` int(11) NOT NULL,
  `num_set` int(11) NOT NULL,
  `score1` int(11) NOT NULL,
  `score2` int(11) NOT NULL,
  PRIMARY KEY (`tb_set_id`),
  KEY `score_vs_id` (`score_vs_id`)
) ENGINE=MyISAM  DEFAULT CHARSET=utf8 COLLATE=utf8_unicode_ci AUTO_INCREMENT=13 ;

--
-- dump ตาราง `tb_set2`
--

INSERT INTO `tb_set2` (`tb_set_id`, `score_vs_id`, `num_set`, `score1`, `score2`) VALUES
(1, 24, 1, 21, 9),
(2, 24, 2, 21, 17),
(3, 25, 1, 21, 6),
(4, 25, 2, 21, 17),
(5, 26, 1, 12, 21),
(6, 26, 2, 18, 21),
(7, 27, 1, 21, 14),
(8, 27, 2, 23, 21),
(9, 28, 1, 8, 21),
(10, 28, 2, 10, 21),
(11, 30, 1, 21, 0),
(12, 30, 2, 21, 0);

-- --------------------------------------------------------

--
-- โครงสร้างตาราง `teamvs2`
--

CREATE TABLE IF NOT EXISTS `teamvs2` (
  `id_team` int(11) NOT NULL AUTO_INCREMENT,
  `id_university` int(11) NOT NULL,
  `id_Sports_category` int(11) NOT NULL,
  `sex` varchar(50) COLLATE utf8_bin NOT NULL,
  `hand_ranks` int(11) NOT NULL,
  PRIMARY KEY (`id_team`)
) ENGINE=InnoDB  DEFAULT CHARSET=utf8 COLLATE=utf8_bin AUTO_INCREMENT=281 ;

--
-- dump ตาราง `teamvs2`
--

INSERT INTO `teamvs2` (`id_team`, `id_university`, `id_Sports_category`, `sex`, `hand_ranks`) VALUES
(3, 1, 38, 'ชาย', 1),
(4, 2, 38, 'ชาย', 1),
(5, 3, 38, 'ชาย', 1),
(6, 4, 38, 'ชาย', 1),
(7, 5, 38, 'ชาย', 1),
(8, 6, 38, 'ชาย', 1),
(9, 7, 38, 'ชาย', 1),
(10, 8, 38, 'ชาย', 1),
(11, 9, 38, 'ชาย', 1),
(12, 5, 42, 'ชาย', 1),
(13, 7, 42, 'ชาย', 1),
(14, 2, 42, 'ชาย', 1),
(15, 4, 42, 'ชาย', 1),
(16, 9, 42, 'ชาย', 1),
(17, 3, 38, 'หญิง', 1),
(18, 1, 38, 'หญิง', 1),
(19, 3, 42, 'ชาย', 1),
(20, 6, 38, 'หญิง', 1),
(21, 2, 38, 'หญิง', 1),
(22, 7, 38, 'หญิง', 1),
(23, 9, 38, 'หญิง', 1),
(24, 8, 42, 'ชาย', 1),
(25, 1, 42, 'ชาย', 1),
(26, 2, 42, 'หญิง', 1),
(27, 1, 42, 'หญิง', 1),
(28, 5, 42, 'หญิง', 1),
(29, 3, 42, 'หญิง', 1),
(30, 8, 42, 'หญิง', 1),
(31, 7, 42, 'หญิง', 1),
(32, 4, 42, 'หญิง', 1),
(33, 7, 43, 'ชาย', 1),
(34, 9, 43, 'ชาย', 1),
(35, 2, 43, 'ชาย', 1),
(36, 6, 43, 'ชาย', 1),
(37, 8, 43, 'ชาย', 1),
(38, 1, 43, 'ชาย', 1),
(39, 4, 43, 'ชาย', 1),
(40, 5, 43, 'ชาย', 1),
(41, 3, 43, 'ชาย', 1),
(42, 7, 43, 'ชาย', 2),
(43, 2, 43, 'ชาย', 2),
(44, 8, 43, 'ชาย', 2),
(45, 6, 43, 'ชาย', 2),
(46, 3, 43, 'ชาย', 2),
(47, 5, 43, 'ชาย', 2),
(48, 4, 43, 'ชาย', 2),
(49, 1, 43, 'ชาย', 2),
(50, 9, 43, 'ชาย', 2),
(51, 1, 43, 'หญิง', 1),
(52, 8, 43, 'หญิง', 1),
(53, 7, 43, 'หญิง', 1),
(54, 2, 43, 'หญิง', 1),
(55, 6, 43, 'หญิง', 1),
(56, 4, 43, 'หญิง', 1),
(57, 5, 43, 'หญิง', 1),
(58, 7, 43, 'หญิง', 2),
(59, 5, 43, 'หญิง', 2),
(60, 2, 43, 'หญิง', 2),
(61, 8, 43, 'หญิง', 2),
(62, 1, 43, 'หญิง', 2),
(63, 3, 43, 'หญิง', 2),
(64, 6, 43, 'หญิง', 2),
(65, 4, 43, 'หญิง', 2),
(66, 5, 40, 'ชาย', 1),
(67, 9, 40, 'ชาย', 1),
(68, 6, 40, 'ชาย', 1),
(69, 2, 40, 'ชาย', 1),
(70, 8, 40, 'ชาย', 1),
(71, 3, 40, 'ชาย', 1),
(72, 1, 40, 'ชาย', 1),
(73, 7, 40, 'ชาย', 1),
(74, 4, 40, 'ชาย', 1),
(75, 8, 40, 'ชาย', 2),
(76, 2, 40, 'ชาย', 2),
(77, 3, 40, 'ชาย', 2),
(78, 6, 40, 'ชาย', 2),
(79, 1, 40, 'ชาย', 2),
(80, 5, 40, 'ชาย', 2),
(81, 9, 40, 'ชาย', 2),
(82, 7, 40, 'ชาย', 2),
(83, 7, 40, 'หญิง', 1),
(84, 5, 40, 'หญิง', 1),
(85, 6, 40, 'หญิง', 1),
(86, 2, 40, 'หญิง', 1),
(87, 1, 40, 'หญิง', 1),
(88, 8, 40, 'หญิง', 1),
(90, 7, 44, 'หญิง', 1),
(91, 6, 44, 'หญิง', 1),
(92, 2, 44, 'หญิง', 1),
(93, 1, 44, 'หญิง', 1),
(94, 8, 44, 'หญิง', 1),
(95, 6, 48, 'ชาย', 1),
(96, 4, 48, 'ชาย', 1),
(97, 5, 48, 'ชาย', 1),
(98, 5, 48, 'ชาย', 2),
(99, 6, 48, 'หญิง', 2),
(100, 3, 48, 'หญิง', 1),
(101, 3, 48, 'หญิง', 2),
(102, 2, 48, 'หญิง', 2),
(103, 4, 41, 'คู่ผสม', 1),
(104, 2, 41, 'คู่ผสม', 1),
(105, 6, 41, 'คู่ผสม', 1),
(106, 1, 41, 'คู่ผสม', 1),
(107, 3, 41, 'คู่ผสม', 1),
(108, 9, 41, 'คู่ผสม', 1),
(109, 6, 41, 'คู่ผสม', 2),
(110, 7, 41, 'คู่ผสม', 1),
(111, 2, 0, 'คู่ผสม', 2),
(112, 2, 41, 'คู่ผสม', 2),
(113, 9, 41, 'คู่ผสม', 2),
(114, 1, 41, 'คู่ผสม', 2),
(115, 3, 41, 'คู่ผสม', 2),
(116, 4, 41, 'คู่ผสม', 2),
(117, 7, 49, 'ชาย', 2),
(118, 2, 49, 'ชาย', 1),
(119, 6, 49, 'ชาย', 1),
(120, 3, 49, 'ชาย', 2),
(121, 7, 49, 'หญิง', 1),
(122, 6, 49, 'หญิง', 1),
(123, 3, 49, 'หญิง', 1),
(124, 2, 49, 'หญิง', 1),
(125, 3, 59, 'ชาย', 1),
(126, 2, 65, 'ชาย', 1),
(127, 4, 65, 'ชาย', 1),
(128, 5, 65, 'ชาย', 1),
(129, 6, 65, 'ชาย', 1),
(130, 8, 65, 'ชาย', 1),
(131, 9, 65, 'ชาย', 1),
(132, 7, 65, 'ชาย', 1),
(133, 2, 65, 'หญิง', 1),
(134, 5, 65, 'หญิง', 1),
(135, 6, 65, 'หญิง', 1),
(136, 9, 65, 'หญิง', 1),
(137, 7, 65, 'หญิง', 1),
(138, 4, 59, 'ชาย', 1),
(139, 5, 59, 'ชาย', 1),
(140, 6, 59, 'ชาย', 1),
(141, 9, 59, 'ชาย', 1),
(142, 7, 59, 'ชาย', 1),
(143, 3, 59, 'หญิง', 1),
(144, 4, 59, 'หญิง', 1),
(145, 5, 59, 'หญิง', 1),
(146, 6, 59, 'หญิง', 1),
(147, 9, 59, 'หญิง', 1),
(148, 7, 59, 'หญิง', 1),
(149, 3, 60, 'หญิง', 1),
(150, 4, 60, 'หญิง', 1),
(151, 5, 60, 'หญิง', 1),
(152, 6, 60, 'หญิง', 1),
(153, 9, 60, 'หญิง', 1),
(154, 7, 60, 'หญิง', 1),
(157, 3, 61, 'คู่ผสม', 1),
(159, 3, 62, 'ชาย', 1),
(160, 4, 62, 'ชาย', 1),
(161, 5, 62, 'ชาย', 1),
(162, 6, 62, 'ชาย', 1),
(163, 9, 62, 'ชาย', 1),
(164, 7, 62, 'ชาย', 1),
(165, 4, 61, 'คู่ผสม', 1),
(166, 5, 61, 'คู่ผสม', 1),
(167, 6, 61, 'คู่ผสม', 1),
(168, 9, 61, 'คู่ผสม', 1),
(169, 7, 61, 'คู่ผสม', 1),
(170, 2, 66, 'ชาย', 1),
(171, 4, 66, 'ชาย', 1),
(172, 6, 66, 'ชาย', 1),
(173, 8, 66, 'ชาย', 1),
(174, 9, 66, 'ชาย', 1),
(175, 7, 66, 'ชาย', 1),
(176, 2, 66, 'หญิง', 1),
(177, 5, 66, 'หญิง', 1),
(178, 6, 66, 'หญิง', 1),
(179, 9, 66, 'หญิง', 1),
(180, 7, 66, 'หญิง', 1),
(181, 2, 67, 'คู่ผสม', 1),
(182, 5, 67, 'คู่ผสม', 1),
(183, 6, 67, 'คู่ผสม', 1),
(184, 9, 67, 'คู่ผสม', 1),
(185, 7, 67, 'คู่ผสม', 1),
(186, 9, 40, 'หญิง', 2),
(187, 9, 40, 'หญิง', 1),
(188, 3, 40, 'หญิง', 2),
(189, 4, 40, 'หญิง', 1),
(190, 5, 44, 'ชาย', 1),
(191, 9, 44, 'ชาย', 1),
(192, 6, 44, 'ชาย', 1),
(193, 2, 44, 'ชาย', 1),
(194, 8, 44, 'ชาย', 1),
(195, 3, 44, 'ชาย', 1),
(196, 1, 44, 'ชาย', 1),
(197, 7, 44, 'ชาย', 1),
(198, 4, 44, 'ชาย', 1),
(199, 8, 44, 'ชาย', 2),
(200, 2, 44, 'ชาย', 2),
(201, 3, 44, 'ชาย', 2),
(202, 6, 44, 'ชาย', 2),
(203, 1, 44, 'ชาย', 2),
(204, 5, 44, 'ชาย', 2),
(205, 9, 44, 'ชาย', 2),
(206, 7, 44, 'ชาย', 2),
(207, 5, 44, 'หญิง', 1),
(208, 5, 44, 'หญิง', 2),
(209, 3, 44, 'หญิง', 1),
(210, 2, 44, 'หญิง', 2),
(211, 1, 44, 'หญิง', 2),
(213, 9, 44, 'หญิง', 1),
(214, 7, 44, 'หญิง', 2),
(215, 3, 45, 'คู่ผสม', 1),
(216, 4, 45, 'คู่ผสม', 1),
(217, 1, 45, 'คู่ผสม', 1),
(218, 7, 45, 'คู่ผสม', 1),
(219, 2, 45, 'คู่ผสม', 1),
(220, 6, 45, 'คู่ผสม', 1),
(221, 9, 45, 'คู่ผสม', 1),
(222, 8, 45, 'คู่ผสม', 1),
(223, 5, 45, 'คู่ผสม', 1),
(224, 3, 43, 'หญิง', 1),
(225, 3, 40, 'หญิง', 1),
(226, 5, 47, 'คู่ผสม', 2),
(227, 7, 47, 'คู่ผสม', 1),
(228, 9, 47, 'คู่ผสม', 1),
(229, 7, 47, 'คู่ผสม', 2),
(230, 5, 65, 'หญิง', 2),
(231, 4, 39, 'ชาย', 2),
(232, 7, 39, 'ชาย', 1),
(233, 6, 39, 'ชาย', 1),
(234, 2, 39, 'ชาย', 1),
(235, 3, 39, 'ชาย', 1),
(236, 1, 39, 'ชาย', 1),
(237, 9, 39, 'ชาย', 1),
(238, 4, 39, 'ชาย', 1),
(239, 6, 39, 'ชาย', 2),
(240, 7, 39, 'ชาย', 2),
(241, 2, 39, 'ชาย', 2),
(242, 9, 39, 'ชาย', 2),
(243, 1, 39, 'ชาย', 2),
(244, 3, 39, 'ชาย', 2),
(245, 4, 39, 'หญิง', 2),
(246, 6, 39, 'หญิง', 1),
(247, 1, 39, 'หญิง', 1),
(248, 7, 39, 'หญิง', 1),
(249, 9, 39, 'หญิง', 1),
(250, 2, 39, 'หญิง', 1),
(251, 3, 39, 'หญิง', 1),
(252, 4, 39, 'หญิง', 1),
(253, 2, 39, 'หญิง', 2),
(254, 6, 39, 'หญิง', 2),
(255, 1, 39, 'หญิง', 2),
(256, 9, 39, 'หญิง', 2),
(257, 7, 39, 'หญิง', 2),
(258, 3, 39, 'หญิง', 2),
(259, 3, 45, 'คู่ผสม', 2),
(260, 1, 45, 'คู่ผสม', 2),
(261, 5, 46, 'ชาย', 1),
(262, 7, 46, 'ชาย', 1),
(263, 3, 46, 'ชาย', 1),
(264, 4, 46, 'ชาย', 1),
(265, 2, 62, 'ชาย', 1),
(266, 5, 45, 'คู่ผสม', 2),
(267, 4, 45, 'คู่ผสม', 2),
(268, 1, 46, 'หญิง', 1),
(269, 2, 46, 'หญิง', 1),
(270, 3, 46, 'หญิง', 1),
(271, 9, 46, 'หญิง', 1),
(272, 4, 40, 'ชาย', 2),
(273, 5, 50, 'ชาย', 1),
(274, 9, 50, 'ชาย', 1),
(275, 8, 50, 'ชาย', 1),
(276, 6, 50, 'ชาย', 1),
(277, 2, 50, 'หญิง', 1),
(278, 5, 50, 'หญิง', 1),
(279, 3, 50, 'หญิง', 1),
(280, 9, 50, 'หญิง', 1);

-- --------------------------------------------------------

--
-- โครงสร้างตาราง `temporary`
--

CREATE TABLE IF NOT EXISTS `temporary` (
  `temporary_id` int(11) NOT NULL AUTO_INCREMENT,
  `temporary_name` varchar(500) NOT NULL,
  PRIMARY KEY (`temporary_id`)
) ENGINE=MyISAM  DEFAULT CHARSET=utf8 AUTO_INCREMENT=53 ;

--
-- dump ตาราง `temporary`
--

INSERT INTO `temporary` (`temporary_id`, `temporary_name`) VALUES
(1, 'ที่ 1 สาย A'),
(2, 'ที่ 1 สาย B'),
(3, 'ที่ 2 สาย A'),
(4, 'ที่ 2 สาย B'),
(5, 'ทีมชนะคู่ที่ 1'),
(6, 'ทีมชนะคู่ที่ 2'),
(7, 'ทีมชนะคู่ที่ 3'),
(8, 'ทีมชนะคู่ที่ 4'),
(9, 'ทีมชนะคู่ที่ 5'),
(10, 'ทีมชนะคู่ที่ 6'),
(11, 'ทีมชนะคู่ที่ 7'),
(12, 'ทีมชนะคู่ที่ 8'),
(13, 'ทีมชนะคู่ที่ 9'),
(14, 'ทีมชนะคู่ที่ 10'),
(15, 'ทีมชนะคู่ที่ 11'),
(16, 'ทีมชนะคู่ที่ 12'),
(17, 'ทีมชนะคู่ที่ 13'),
(18, 'ทีมชนะคู่ที่ 14'),
(19, 'ทีมชนะคู่ที่ 15'),
(20, 'ทีมชนะคู่ที่ 16'),
(21, 'ทีมแพ้คู่ที่ 1'),
(22, 'ทีมแพ้คู่ที่ 2'),
(23, 'ทีมแพ้คู่ที่ 3'),
(24, 'ทีมแพ้คู่ที่ 4'),
(25, 'ทีมแพ้คู่ที่ 5'),
(26, 'ทีมแพ้คู่ที่ 6'),
(27, 'ทีมแพ้คู่ที่ 7'),
(28, 'ทีมแพ้คู่ที่ 8'),
(29, 'ทีมแพ้คู่ที่ 9'),
(30, 'ทีมแพ้คู่ที่ 10'),
(31, 'ทีมแพ้คู่ที่ 11'),
(32, 'ทีมแพ้คู่ที่ 12'),
(33, 'ทีมแพ้คู่ที่ 13'),
(34, 'ทีมแพ้คู่ที่ 14'),
(35, 'ทีมแพ้คู่ที่ 15'),
(36, 'ทีมแพ้คู่ที่ 16'),
(37, 'ทีมที่ 2 ที่ดีที่สุด'),
(38, 'ที่ 1 สาย..........(ที่มาจากการจับฉลาก)'),
(39, 'ที่ 1 สายที่เหลือ จากคู่ที่ 13 พบกัน'),
(40, 'ว่าง'),
(41, 'ที่ 1 สายที่เหลือ จากคู่ที่ 10 พบกัน'),
(42, 'ทีมชนะคู่ที่ 17'),
(43, 'ทีมชนะคู่ที่ 18'),
(44, 'ทีมแพ้คู่ที่ 17'),
(45, 'ทีมแพ้คู่ที่ 18'),
(46, 'ทีมคะแนนอันดับที่ 1'),
(47, 'ทีมคะแนนอันดับที่ 2'),
(48, 'ทีมคะแนนอันดับที่ 3'),
(49, 'ทีมคะแนนอันดับที่ 4'),
(50, 'แข่งขันแบบนับคะแนน'),
(51, 'BYE'),
(52, 'จับสลากประกบคู่แข่งขัน');

-- --------------------------------------------------------

--
-- โครงสร้างตาราง `type_admin`
--

CREATE TABLE IF NOT EXISTS `type_admin` (
  `id_Type_admin` int(11) NOT NULL AUTO_INCREMENT,
  `name_Type_admin` varchar(50) COLLATE utf8_bin NOT NULL,
  PRIMARY KEY (`id_Type_admin`)
) ENGINE=InnoDB  DEFAULT CHARSET=utf8 COLLATE=utf8_bin AUTO_INCREMENT=5 ;

--
-- dump ตาราง `type_admin`
--

INSERT INTO `type_admin` (`id_Type_admin`, `name_Type_admin`) VALUES
(0, 'ผู้จัดการชนิดกีฬา'),
(1, 'ผู้จัดการระดับมหาลัย'),
(2, 'ผู้แก้ไขระดับมหาลัย'),
(3, 'ผู้ตรวจสอบส่วนกลาง'),
(4, 'ผู้ดูแลระบบส่วนกลาง');

-- --------------------------------------------------------

--
-- โครงสร้างตาราง `type_user`
--

CREATE TABLE IF NOT EXISTS `type_user` (
  `id_type_user` int(11) NOT NULL AUTO_INCREMENT,
  `name_type_user` varchar(200) COLLATE utf8_bin NOT NULL,
  `sttest` int(11) NOT NULL,
  PRIMARY KEY (`id_type_user`)
) ENGINE=InnoDB  DEFAULT CHARSET=utf8 COLLATE=utf8_bin AUTO_INCREMENT=17 ;

--
-- dump ตาราง `type_user`
--

INSERT INTO `type_user` (`id_type_user`, `name_type_user`, `sttest`) VALUES
(1, 'ประธาน', 0),
(2, 'กรรมการจัดการแข่งขัน/ผู้บริหาร', 0),
(3, 'อนุกรรมการ', 0),
(4, 'หัวหน้าคณะกีฬา', 1),
(5, 'เจ้าหน้าที่', 1),
(6, 'กรรมการผู้ตัดสิน', 0),
(7, 'เจ้าหน้าที่จัดการแข่งขัน', 0),
(8, 'สื่อมวลชน', 0),
(9, 'องค์การนักศึกษา', 1),
(10, 'ผู้สังเกตุการ', 0),
(11, 'ผู้ให้การสนับสนุน', 0),
(12, 'อาสาสมัคร', 1),
(13, 'ผู้เข้าประกวด RMUT STAR 2023', 1),
(14, 'ผู้เข้าแข่งขันผู้นำเชียร์', 1),
(15, 'ผู้เข้าแข่งขันวงดนตรี', 1),
(16, 'พี่เลี้ยงผู้เข้าประกวด RMUT STAR 2023', 1);

-- --------------------------------------------------------

--
-- โครงสร้างตาราง `university`
--

CREATE TABLE IF NOT EXISTS `university` (
  `id_university` int(11) NOT NULL,
  `name_university` varchar(100) COLLATE utf8_bin NOT NULL,
  `subname_university` varchar(50) COLLATE utf8_bin NOT NULL,
  PRIMARY KEY (`id_university`)
) ENGINE=InnoDB DEFAULT CHARSET=utf8 COLLATE=utf8_bin;

--
-- dump ตาราง `university`
--

INSERT INTO `university` (`id_university`, `name_university`, `subname_university`) VALUES
(0, 'กองอำนวยการ', 'กองอำนวยการส่วนกลาง'),
(1, 'มหาวิทยาลัยเทคโนโลยีราชมงคลกรุงเทพ', 'มทร.กรุงเทพ'),
(2, 'มหาวิทยาลัยเทคโนโลยีราชมงคลตะวันออก', 'มทร.ตะวันออก'),
(3, 'มหาวิทยาลัยเทคโนโลยีราชมงคลธัญบุรี', 'มทร.ธัญบุรี'),
(4, 'มหาวิทยาลัยเทคโนโลยีราชมงคลพระนคร', 'มทร.พระนคร'),
(5, 'มหาวิทยาลัยเทคโนโลยีราชมงคลรัตนโกสินทร์', 'มทร.รัตนโกสินทร์'),
(6, 'มหาวิทยาลัยเทคโนโลยีราชมงคลล้านนา', 'มทร.ล้านนา'),
(7, 'มหาวิทยาลัยเทคโนโลยีราชมงคลศรีวิชัย', 'มทร.ศรีวิชัย'),
(8, 'มหาวิทยาลัยเทคโนโลยีราชมงคลสุวรรณภูมิ', 'มทร.สุวรรณภูมิ'),
(9, 'มหาวิทยาลัยเทคโนโลยีราชมงคลอีสาน', 'มทร.อีสาน');

-- --------------------------------------------------------

--
-- โครงสร้างตาราง `user_admin`
--

CREATE TABLE IF NOT EXISTS `user_admin` (
  `id_user_admin` int(11) NOT NULL AUTO_INCREMENT,
  `name_user_admin` varchar(100) COLLATE utf8_bin NOT NULL,
  `username_user_admin` varchar(50) COLLATE utf8_bin NOT NULL,
  `password_user_admin` varchar(50) COLLATE utf8_bin NOT NULL,
  `id_Type_admin` int(11) NOT NULL,
  `id_university` int(11) NOT NULL,
  `phone_User_admin` varchar(10) COLLATE utf8_bin NOT NULL,
  `email_User_admin` varchar(50) COLLATE utf8_bin NOT NULL,
  `st_User_admin` int(11) NOT NULL,
  `st` int(11) NOT NULL,
  PRIMARY KEY (`id_user_admin`)
) ENGINE=InnoDB  DEFAULT CHARSET=utf8 COLLATE=utf8_bin AUTO_INCREMENT=25 ;

--
-- dump ตาราง `user_admin`
--

INSERT INTO `user_admin` (`id_user_admin`, `name_user_admin`, `username_user_admin`, `password_user_admin`, `id_Type_admin`, `id_university`, `phone_User_admin`, `email_User_admin`, `st_User_admin`, `st`) VALUES
(1, 'admin', 'admin', '5061466a860e14e50b193c1c14f8f9c6', 4, 0, '', 'srivijayagames@rmutsv.ac.th', 0, 0);

-- --------------------------------------------------------

--
-- โครงสร้างตาราง `user_sportall`
--

CREATE TABLE IF NOT EXISTS `user_sportall` (
  `id__user_sportall` int(11) NOT NULL AUTO_INCREMENT,
  `score_all_id` int(11) NOT NULL,
  `id_student` int(11) NOT NULL,
  `university_ranking` int(11) NOT NULL,
  `sex` varchar(10) COLLATE utf8_bin NOT NULL,
  PRIMARY KEY (`id__user_sportall`)
) ENGINE=InnoDB DEFAULT CHARSET=utf8 COLLATE=utf8_bin AUTO_INCREMENT=1 ;

-- --------------------------------------------------------

--
-- โครงสร้างตาราง `user_sportvs2`
--

CREATE TABLE IF NOT EXISTS `user_sportvs2` (
  `id_user_sportvs2` int(11) NOT NULL AUTO_INCREMENT,
  `id_team` int(11) NOT NULL,
  `id_student` int(11) NOT NULL,
  PRIMARY KEY (`id_user_sportvs2`)
) ENGINE=InnoDB DEFAULT CHARSET=utf8 COLLATE=utf8_bin AUTO_INCREMENT=1 ;

--
-- Constraints for dumped tables
--

--
-- Constraints for table `sport_regis`
--
ALTER TABLE `sport_regis`
  ADD CONSTRAINT `sport_rechack` FOREIGN KEY (`id_student`) REFERENCES `student_sports` (`id_student`) ON DELETE CASCADE;

/*!40101 SET CHARACTER_SET_CLIENT=@OLD_CHARACTER_SET_CLIENT */;
/*!40101 SET CHARACTER_SET_RESULTS=@OLD_CHARACTER_SET_RESULTS */;
/*!40101 SET COLLATION_CONNECTION=@OLD_COLLATION_CONNECTION */;
